asset_id,tag,asset_class,x,y,cad_layer,symbol_source,local_geometry_count,local_line_count,local_circle_arc_count,text_confidence,semantic_confidence,geometry_confidence,overall_confidence,evidence_coverage,digital_twin_readiness,confidence_level,readiness_level,review_status,confidence_basis
AST-0001,HE-200,Heat Exchanger,1385.997777722908,282.6620856041223,0,FLATTENED_DXF_VECTOR_GEOMETRY,23,15,0,0.99,0.92,0.721,0.901,0.75,0.676,HIGH,MEDIUM,REVIEW_SYMBOL_AND_CONNECTIVITY,Native DXF tag plus nearby flattened vector geometry
AST-0002,R-400,Reactor,2415.488800997748,269.3629749677548,0,FLATTENED_DXF_VECTOR_GEOMETRY,8,4,0,0.99,0.92,0.359,0.811,0.6,0.486,HIGH,LOW,REVIEW_SYMBOL_AND_CONNECTIVITY,Native DXF tag plus nearby flattened vector geometry
AST-0003,R-300,Reactor,1885.243230088657,269.3629749677548,0,FLATTENED_DXF_VECTOR_GEOMETRY,12,8,0,0.99,0.92,0.487,0.843,0.65,0.548,HIGH,LOW,REVIEW_SYMBOL_AND_CONNECTIVITY,Native DXF tag plus nearby flattened vector geometry
AST-0004,HE-401,Heat Exchanger,2212.272389247696,264.9569028440545,0,FLATTENED_DXF_VECTOR_GEOMETRY,85,79,4,0.99,0.92,0.991,0.969,0.75,0.727,HIGH,MEDIUM,REVIEW_SYMBOL_AND_CONNECTIVITY,Native DXF tag plus nearby flattened vector geometry
AST-0005,I-13,Interlock,2828.439944858537,262.0360069301509,0,FLATTENED_DXF_VECTOR_GEOMETRY,45,42,3,0.99,0.92,0.918,0.95,0.75,0.713,HIGH,MEDIUM,REVIEW_SYMBOL_AND_CONNECTIVITY,Native DXF tag plus nearby flattened vector geometry
AST-0006,M-401,Motor,2216.120223737424,255.2919638390449,0,FLATTENED_DXF_VECTOR_GEOMETRY,84,77,5,0.99,0.92,0.991,0.969,0.75,0.726,HIGH,MEDIUM,REVIEW_SYMBOL_AND_CONNECTIVITY,Native DXF tag plus nearby flattened vector geometry
AST-0007,I-10,Interlock,1740.502857451496,248.1462656123366,0,FLATTENED_DXF_VECTOR_GEOMETRY,36,33,3,0.99,0.92,0.865,0.937,0.75,0.703,HIGH,MEDIUM,REVIEW_SYMBOL_AND_CONNECTIVITY,Native DXF tag plus nearby flattened vector geometry
AST-0008,I-11,Interlock,2148.553287596943,248.1332327270523,0,FLATTENED_DXF_VECTOR_GEOMETRY,39,36,3,0.99,0.92,0.885,0.942,0.75,0.707,HIGH,MEDIUM,REVIEW_SYMBOL_AND_CONNECTIVITY,Native DXF tag plus nearby flattened vector geometry
AST-0009,SM-200,Static Mixer,1234.936206477963,242.6471561431885,0,FLATTENED_DXF_VECTOR_GEOMETRY,25,18,0,0.99,0.92,0.751,0.909,0.75,0.681,HIGH,MEDIUM,REVIEW_SYMBOL_AND_CONNECTIVITY,Native DXF tag plus nearby flattened vector geometry
AST-0010,LG-401,Level Gauge,2202.889913303863,214.8725183400391,0,FLATTENED_DXF_VECTOR_GEOMETRY,76,70,3,0.99,0.92,0.985,0.967,0.75,0.726,HIGH,MEDIUM,REVIEW_SYMBOL_AND_CONNECTIVITY,Native DXF tag plus nearby flattened vector geometry
AST-0011,I-14,Interlock,2837.081330380623,206.0553734416119,0,FLATTENED_DXF_VECTOR_GEOMETRY,38,34,2,0.99,0.92,0.879,0.941,0.75,0.706,HIGH,MEDIUM,REVIEW_SYMBOL_AND_CONNECTIVITY,Native DXF tag plus nearby flattened vector geometry
AST-0012,V-500,Vessel,2790.51551914619,199.8061893357171,0,FLATTENED_DXF_VECTOR_GEOMETRY,12,8,0,0.99,0.92,0.487,0.843,0.65,0.548,HIGH,LOW,REVIEW_SYMBOL_AND_CONNECTIVITY,Native DXF tag plus nearby flattened vector geometry
AST-0013,FRN-200,Furnace,1290.997404235683,181.6464221954346,0,FLATTENED_DXF_VECTOR_GEOMETRY,17,14,1,0.99,0.92,0.611,0.874,0.713,0.623,HIGH,MEDIUM,REVIEW_SYMBOL_AND_CONNECTIVITY,Native DXF tag plus nearby flattened vector geometry
AST-0014,HE-700,Heat Exchanger,3777.12606857304,171.9085583580865,0,FLATTENED_DXF_VECTOR_GEOMETRY,7,4,0,0.99,0.92,0.322,0.802,0.588,0.471,HIGH,LOW,REVIEW_SYMBOL_AND_CONNECTIVITY,Native DXF tag plus nearby flattened vector geometry
AST-0015,HE-600,Heat Exchanger,3283.601076794175,171.8238736046685,0,FLATTENED_DXF_VECTOR_GEOMETRY,7,4,0,0.99,0.92,0.322,0.802,0.588,0.471,HIGH,LOW,REVIEW_SYMBOL_AND_CONNECTIVITY,Native DXF tag plus nearby flattened vector geometry
AST-0016,V-600,Vessel,3445.914908790563,145.5355436219109,0,FLATTENED_DXF_VECTOR_GEOMETRY,32,30,2,0.99,0.92,0.831,0.929,0.75,0.697,HIGH,MEDIUM,REVIEW_SYMBOL_AND_CONNECTIVITY,Native DXF tag plus nearby flattened vector geometry
AST-0017,HE-402,Heat Exchanger,2236.571502204835,143.2457499047204,0,FLATTENED_DXF_VECTOR_GEOMETRY,11,10,1,0.99,0.92,0.457,0.835,0.637,0.533,HIGH,LOW,REVIEW_SYMBOL_AND_CONNECTIVITY,Native DXF tag plus nearby flattened vector geometry
AST-0018,FRN-300,Furnace,1726.568945925746,131.0572741508484,0,FLATTENED_DXF_VECTOR_GEOMETRY,42,40,2,0.99,0.92,0.903,0.947,0.75,0.71,HIGH,MEDIUM,REVIEW_SYMBOL_AND_CONNECTIVITY,Native DXF tag plus nearby flattened vector geometry
AST-0019,PRV-105,Pressure Regulator,2099.812831251943,120.9674692465386,0,FLATTENED_DXF_VECTOR_GEOMETRY,7,3,0,0.99,0.92,0.322,0.802,0.588,0.471,HIGH,LOW,REVIEW_SYMBOL_AND_CONNECTIVITY,Native DXF tag plus nearby flattened vector geometry
AST-0020,HE-400,Heat Exchanger,2278.527624613212,98.12903214270445,0,FLATTENED_DXF_VECTOR_GEOMETRY,53,48,0,0.99,0.92,0.947,0.958,0.75,0.718,HIGH,MEDIUM,REVIEW_SYMBOL_AND_CONNECTIVITY,Native DXF tag plus nearby flattened vector geometry
AST-0021,I-12,Interlock,2155.76795677056,72.18198748143396,0,FLATTENED_DXF_VECTOR_GEOMETRY,62,58,4,0.99,0.92,0.968,0.963,0.75,0.722,HIGH,MEDIUM,REVIEW_SYMBOL_AND_CONNECTIVITY,Native DXF tag plus nearby flattened vector geometry
AST-0022,V-200,Vessel,1113.869481857737,58.01669692030795,0,FLATTENED_DXF_VECTOR_GEOMETRY,43,35,1,0.99,0.92,0.908,0.948,0.75,0.711,HIGH,MEDIUM,REVIEW_SYMBOL_AND_CONNECTIVITY,Native DXF tag plus nearby flattened vector geometry
AST-0023,V-501,Vessel,2948.759664400774,54.36825438003141,0,FLATTENED_DXF_VECTOR_GEOMETRY,24,13,1,0.99,0.92,0.736,0.905,0.75,0.679,HIGH,MEDIUM,REVIEW_SYMBOL_AND_CONNECTIVITY,Native DXF tag plus nearby flattened vector geometry
AST-0024,CH-400,Chiller,2201.749188522917,44.96125149726867,0,FLATTENED_DXF_VECTOR_GEOMETRY,33,31,0,0.99,0.92,0.84,0.931,0.75,0.698,HIGH,MEDIUM,REVIEW_SYMBOL_AND_CONNECTIVITY,Native DXF tag plus nearby flattened vector geometry
