enterprise_id,enterprise_name,site_id,site_name,area_id,area_name,process_unit_id,process_unit_name,system_id,system_name,drawing_id,parent_id,hierarchy_level,asset_id,tag,asset_class,object_status,tag_status,symbol_status,cnn_symbol_confidence,text_confidence,association_confidence,overall_confidence,confidence_level,evidence_coverage,digital_twin_readiness,readiness_level,candidate_connection_count,mean_topology_confidence,unknown_direction_count,cad_layer,x,y,model_stage,review_status,engineering_action,hierarchy_path,confidence_basis
ENT-THERMAX,Thermax,SITE-UNASSIGNED,Engineering input required,AREA-UNASSIGNED,Engineering input required,UNIT-UNASSIGNED,Engineering input required,SYS-STR-001,Single Tube Reactor System,PID-THERMAX-STR-001,SYS-STR-001,ASSET,AST-0024,CH-400,Chiller,TAGGED_ASSET_CANDIDATE,NATIVE_DXF_TEXT,CLASS_INFERRED_FROM_TAG_PREFIX_AND_LOCAL_GEOMETRY,,0.99,,0.931,HIGH,0.75,0.698,MEDIUM,1.0,0.557,1.0,0,2201.749188522917,44.96125149726867,CNN_NOT_TRAINED,REVIEW_SYMBOL_AND_CONNECTIVITY,"Confirm site/area/unit, symbol box/class, and process connectivity",ENT-THERMAX/SITE-UNASSIGNED/AREA-UNASSIGNED/UNIT-UNASSIGNED/SYS-STR-001/AST-0024,Native DXF tag plus nearby flattened vector geometry
ENT-THERMAX,Thermax,SITE-UNASSIGNED,Engineering input required,AREA-UNASSIGNED,Engineering input required,UNIT-UNASSIGNED,Engineering input required,SYS-STR-001,Single Tube Reactor System,PID-THERMAX-STR-001,SYS-STR-001,ASSET,AST-0013,FRN-200,Furnace,TAGGED_ASSET_CANDIDATE,NATIVE_DXF_TEXT,CLASS_INFERRED_FROM_TAG_PREFIX_AND_LOCAL_GEOMETRY,,0.99,,0.874,HIGH,0.713,0.623,MEDIUM,3.0,0.48333333333333334,3.0,0,1290.997404235683,181.6464221954346,CNN_NOT_TRAINED,REVIEW_SYMBOL_AND_CONNECTIVITY,"Confirm site/area/unit, symbol box/class, and process connectivity",ENT-THERMAX/SITE-UNASSIGNED/AREA-UNASSIGNED/UNIT-UNASSIGNED/SYS-STR-001/AST-0013,Native DXF tag plus nearby flattened vector geometry
ENT-THERMAX,Thermax,SITE-UNASSIGNED,Engineering input required,AREA-UNASSIGNED,Engineering input required,UNIT-UNASSIGNED,Engineering input required,SYS-STR-001,Single Tube Reactor System,PID-THERMAX-STR-001,SYS-STR-001,ASSET,AST-0018,FRN-300,Furnace,TAGGED_ASSET_CANDIDATE,NATIVE_DXF_TEXT,CLASS_INFERRED_FROM_TAG_PREFIX_AND_LOCAL_GEOMETRY,,0.99,,0.947,HIGH,0.75,0.71,MEDIUM,0.0,,0.0,0,1726.568945925746,131.0572741508484,CNN_NOT_TRAINED,REVIEW_SYMBOL_AND_CONNECTIVITY,"Confirm site/area/unit, symbol box/class, and process connectivity",ENT-THERMAX/SITE-UNASSIGNED/AREA-UNASSIGNED/UNIT-UNASSIGNED/SYS-STR-001/AST-0018,Native DXF tag plus nearby flattened vector geometry
ENT-THERMAX,Thermax,SITE-UNASSIGNED,Engineering input required,AREA-UNASSIGNED,Engineering input required,UNIT-UNASSIGNED,Engineering input required,SYS-STR-001,Single Tube Reactor System,PID-THERMAX-STR-001,SYS-STR-001,ASSET,AST-0001,HE-200,Heat Exchanger,TAGGED_ASSET_CANDIDATE,NATIVE_DXF_TEXT,CLASS_INFERRED_FROM_TAG_PREFIX_AND_LOCAL_GEOMETRY,,0.99,,0.901,HIGH,0.75,0.676,MEDIUM,1.0,0.489,1.0,0,1385.997777722908,282.6620856041223,CNN_NOT_TRAINED,REVIEW_SYMBOL_AND_CONNECTIVITY,"Confirm site/area/unit, symbol box/class, and process connectivity",ENT-THERMAX/SITE-UNASSIGNED/AREA-UNASSIGNED/UNIT-UNASSIGNED/SYS-STR-001/AST-0001,Native DXF tag plus nearby flattened vector geometry
ENT-THERMAX,Thermax,SITE-UNASSIGNED,Engineering input required,AREA-UNASSIGNED,Engineering input required,UNIT-UNASSIGNED,Engineering input required,SYS-STR-001,Single Tube Reactor System,PID-THERMAX-STR-001,SYS-STR-001,ASSET,AST-0020,HE-400,Heat Exchanger,TAGGED_ASSET_CANDIDATE,NATIVE_DXF_TEXT,CLASS_INFERRED_FROM_TAG_PREFIX_AND_LOCAL_GEOMETRY,,0.99,,0.958,HIGH,0.75,0.718,MEDIUM,1.0,0.551,1.0,0,2278.527624613212,98.12903214270445,CNN_NOT_TRAINED,REVIEW_SYMBOL_AND_CONNECTIVITY,"Confirm site/area/unit, symbol box/class, and process connectivity",ENT-THERMAX/SITE-UNASSIGNED/AREA-UNASSIGNED/UNIT-UNASSIGNED/SYS-STR-001/AST-0020,Native DXF tag plus nearby flattened vector geometry
ENT-THERMAX,Thermax,SITE-UNASSIGNED,Engineering input required,AREA-UNASSIGNED,Engineering input required,UNIT-UNASSIGNED,Engineering input required,SYS-STR-001,Single Tube Reactor System,PID-THERMAX-STR-001,SYS-STR-001,ASSET,AST-0004,HE-401,Heat Exchanger,TAGGED_ASSET_CANDIDATE,NATIVE_DXF_TEXT,CLASS_INFERRED_FROM_TAG_PREFIX_AND_LOCAL_GEOMETRY,,0.99,,0.969,HIGH,0.75,0.727,MEDIUM,1.0,0.592,1.0,0,2212.272389247696,264.9569028440545,CNN_NOT_TRAINED,REVIEW_SYMBOL_AND_CONNECTIVITY,"Confirm site/area/unit, symbol box/class, and process connectivity",ENT-THERMAX/SITE-UNASSIGNED/AREA-UNASSIGNED/UNIT-UNASSIGNED/SYS-STR-001/AST-0004,Native DXF tag plus nearby flattened vector geometry
ENT-THERMAX,Thermax,SITE-UNASSIGNED,Engineering input required,AREA-UNASSIGNED,Engineering input required,UNIT-UNASSIGNED,Engineering input required,SYS-STR-001,Single Tube Reactor System,PID-THERMAX-STR-001,SYS-STR-001,ASSET,AST-0017,HE-402,Heat Exchanger,TAGGED_ASSET_CANDIDATE,NATIVE_DXF_TEXT,CLASS_INFERRED_FROM_TAG_PREFIX_AND_LOCAL_GEOMETRY,,0.99,,0.835,HIGH,0.637,0.533,LOW,1.0,0.551,1.0,0,2236.571502204835,143.2457499047204,CNN_NOT_TRAINED,REVIEW_SYMBOL_AND_CONNECTIVITY,"Confirm site/area/unit, symbol box/class, and process connectivity",ENT-THERMAX/SITE-UNASSIGNED/AREA-UNASSIGNED/UNIT-UNASSIGNED/SYS-STR-001/AST-0017,Native DXF tag plus nearby flattened vector geometry
ENT-THERMAX,Thermax,SITE-UNASSIGNED,Engineering input required,AREA-UNASSIGNED,Engineering input required,UNIT-UNASSIGNED,Engineering input required,SYS-STR-001,Single Tube Reactor System,PID-THERMAX-STR-001,SYS-STR-001,ASSET,AST-0015,HE-600,Heat Exchanger,TAGGED_ASSET_CANDIDATE,NATIVE_DXF_TEXT,CLASS_INFERRED_FROM_TAG_PREFIX_AND_LOCAL_GEOMETRY,,0.99,,0.802,HIGH,0.588,0.471,LOW,1.0,0.468,1.0,0,3283.601076794175,171.8238736046685,CNN_NOT_TRAINED,REVIEW_SYMBOL_AND_CONNECTIVITY,"Confirm site/area/unit, symbol box/class, and process connectivity",ENT-THERMAX/SITE-UNASSIGNED/AREA-UNASSIGNED/UNIT-UNASSIGNED/SYS-STR-001/AST-0015,Native DXF tag plus nearby flattened vector geometry
ENT-THERMAX,Thermax,SITE-UNASSIGNED,Engineering input required,AREA-UNASSIGNED,Engineering input required,UNIT-UNASSIGNED,Engineering input required,SYS-STR-001,Single Tube Reactor System,PID-THERMAX-STR-001,SYS-STR-001,ASSET,AST-0014,HE-700,Heat Exchanger,TAGGED_ASSET_CANDIDATE,NATIVE_DXF_TEXT,CLASS_INFERRED_FROM_TAG_PREFIX_AND_LOCAL_GEOMETRY,,0.99,,0.802,HIGH,0.588,0.471,LOW,1.0,0.334,1.0,0,3777.12606857304,171.9085583580865,CNN_NOT_TRAINED,REVIEW_SYMBOL_AND_CONNECTIVITY,"Confirm site/area/unit, symbol box/class, and process connectivity",ENT-THERMAX/SITE-UNASSIGNED/AREA-UNASSIGNED/UNIT-UNASSIGNED/SYS-STR-001/AST-0014,Native DXF tag plus nearby flattened vector geometry
ENT-THERMAX,Thermax,SITE-UNASSIGNED,Engineering input required,AREA-UNASSIGNED,Engineering input required,UNIT-UNASSIGNED,Engineering input required,SYS-STR-001,Single Tube Reactor System,PID-THERMAX-STR-001,SYS-STR-001,ASSET,AST-0007,I-10,Interlock,TAGGED_ASSET_CANDIDATE,NATIVE_DXF_TEXT,CLASS_INFERRED_FROM_TAG_PREFIX_AND_LOCAL_GEOMETRY,,0.99,,0.937,HIGH,0.75,0.703,MEDIUM,1.0,0.483,1.0,0,1740.502857451496,248.1462656123366,CNN_NOT_TRAINED,REVIEW_SYMBOL_AND_CONNECTIVITY,"Confirm site/area/unit, symbol box/class, and process connectivity",ENT-THERMAX/SITE-UNASSIGNED/AREA-UNASSIGNED/UNIT-UNASSIGNED/SYS-STR-001/AST-0007,Native DXF tag plus nearby flattened vector geometry
ENT-THERMAX,Thermax,SITE-UNASSIGNED,Engineering input required,AREA-UNASSIGNED,Engineering input required,UNIT-UNASSIGNED,Engineering input required,SYS-STR-001,Single Tube Reactor System,PID-THERMAX-STR-001,SYS-STR-001,ASSET,AST-0008,I-11,Interlock,TAGGED_ASSET_CANDIDATE,NATIVE_DXF_TEXT,CLASS_INFERRED_FROM_TAG_PREFIX_AND_LOCAL_GEOMETRY,,0.99,,0.942,HIGH,0.75,0.707,MEDIUM,1.0,0.549,1.0,0,2148.553287596943,248.1332327270523,CNN_NOT_TRAINED,REVIEW_SYMBOL_AND_CONNECTIVITY,"Confirm site/area/unit, symbol box/class, and process connectivity",ENT-THERMAX/SITE-UNASSIGNED/AREA-UNASSIGNED/UNIT-UNASSIGNED/SYS-STR-001/AST-0008,Native DXF tag plus nearby flattened vector geometry
ENT-THERMAX,Thermax,SITE-UNASSIGNED,Engineering input required,AREA-UNASSIGNED,Engineering input required,UNIT-UNASSIGNED,Engineering input required,SYS-STR-001,Single Tube Reactor System,PID-THERMAX-STR-001,SYS-STR-001,ASSET,AST-0021,I-12,Interlock,TAGGED_ASSET_CANDIDATE,NATIVE_DXF_TEXT,CLASS_INFERRED_FROM_TAG_PREFIX_AND_LOCAL_GEOMETRY,,0.99,,0.963,HIGH,0.75,0.722,MEDIUM,2.0,0.549,2.0,0,2155.76795677056,72.18198748143396,CNN_NOT_TRAINED,REVIEW_SYMBOL_AND_CONNECTIVITY,"Confirm site/area/unit, symbol box/class, and process connectivity",ENT-THERMAX/SITE-UNASSIGNED/AREA-UNASSIGNED/UNIT-UNASSIGNED/SYS-STR-001/AST-0021,Native DXF tag plus nearby flattened vector geometry
ENT-THERMAX,Thermax,SITE-UNASSIGNED,Engineering input required,AREA-UNASSIGNED,Engineering input required,UNIT-UNASSIGNED,Engineering input required,SYS-STR-001,Single Tube Reactor System,PID-THERMAX-STR-001,SYS-STR-001,ASSET,AST-0005,I-13,Interlock,TAGGED_ASSET_CANDIDATE,NATIVE_DXF_TEXT,CLASS_INFERRED_FROM_TAG_PREFIX_AND_LOCAL_GEOMETRY,,0.99,,0.95,HIGH,0.75,0.713,MEDIUM,1.0,0.555,1.0,0,2828.439944858537,262.0360069301509,CNN_NOT_TRAINED,REVIEW_SYMBOL_AND_CONNECTIVITY,"Confirm site/area/unit, symbol box/class, and process connectivity",ENT-THERMAX/SITE-UNASSIGNED/AREA-UNASSIGNED/UNIT-UNASSIGNED/SYS-STR-001/AST-0005,Native DXF tag plus nearby flattened vector geometry
ENT-THERMAX,Thermax,SITE-UNASSIGNED,Engineering input required,AREA-UNASSIGNED,Engineering input required,UNIT-UNASSIGNED,Engineering input required,SYS-STR-001,Single Tube Reactor System,PID-THERMAX-STR-001,SYS-STR-001,ASSET,AST-0011,I-14,Interlock,TAGGED_ASSET_CANDIDATE,NATIVE_DXF_TEXT,CLASS_INFERRED_FROM_TAG_PREFIX_AND_LOCAL_GEOMETRY,,0.99,,0.941,HIGH,0.75,0.706,MEDIUM,3.0,0.522,3.0,0,2837.081330380623,206.0553734416119,CNN_NOT_TRAINED,REVIEW_SYMBOL_AND_CONNECTIVITY,"Confirm site/area/unit, symbol box/class, and process connectivity",ENT-THERMAX/SITE-UNASSIGNED/AREA-UNASSIGNED/UNIT-UNASSIGNED/SYS-STR-001/AST-0011,Native DXF tag plus nearby flattened vector geometry
ENT-THERMAX,Thermax,SITE-UNASSIGNED,Engineering input required,AREA-UNASSIGNED,Engineering input required,UNIT-UNASSIGNED,Engineering input required,SYS-STR-001,Single Tube Reactor System,PID-THERMAX-STR-001,SYS-STR-001,ASSET,AST-0010,LG-401,Level Gauge,TAGGED_ASSET_CANDIDATE,NATIVE_DXF_TEXT,CLASS_INFERRED_FROM_TAG_PREFIX_AND_LOCAL_GEOMETRY,,0.99,,0.967,HIGH,0.75,0.726,MEDIUM,2.0,0.5575,2.0,0,2202.889913303863,214.8725183400391,CNN_NOT_TRAINED,REVIEW_SYMBOL_AND_CONNECTIVITY,"Confirm site/area/unit, symbol box/class, and process connectivity",ENT-THERMAX/SITE-UNASSIGNED/AREA-UNASSIGNED/UNIT-UNASSIGNED/SYS-STR-001/AST-0010,Native DXF tag plus nearby flattened vector geometry
ENT-THERMAX,Thermax,SITE-UNASSIGNED,Engineering input required,AREA-UNASSIGNED,Engineering input required,UNIT-UNASSIGNED,Engineering input required,SYS-STR-001,Single Tube Reactor System,PID-THERMAX-STR-001,SYS-STR-001,ASSET,AST-0006,M-401,Motor,TAGGED_ASSET_CANDIDATE,NATIVE_DXF_TEXT,CLASS_INFERRED_FROM_TAG_PREFIX_AND_LOCAL_GEOMETRY,,0.99,,0.969,HIGH,0.75,0.726,MEDIUM,3.0,0.5326666666666666,3.0,0,2216.120223737424,255.2919638390449,CNN_NOT_TRAINED,REVIEW_SYMBOL_AND_CONNECTIVITY,"Confirm site/area/unit, symbol box/class, and process connectivity",ENT-THERMAX/SITE-UNASSIGNED/AREA-UNASSIGNED/UNIT-UNASSIGNED/SYS-STR-001/AST-0006,Native DXF tag plus nearby flattened vector geometry
ENT-THERMAX,Thermax,SITE-UNASSIGNED,Engineering input required,AREA-UNASSIGNED,Engineering input required,UNIT-UNASSIGNED,Engineering input required,SYS-STR-001,Single Tube Reactor System,PID-THERMAX-STR-001,SYS-STR-001,ASSET,AST-0019,PRV-105,Pressure Regulator,TAGGED_ASSET_CANDIDATE,NATIVE_DXF_TEXT,CLASS_INFERRED_FROM_TAG_PREFIX_AND_LOCAL_GEOMETRY,,0.99,,0.802,HIGH,0.588,0.471,LOW,1.0,0.541,1.0,0,2099.812831251943,120.9674692465386,CNN_NOT_TRAINED,REVIEW_SYMBOL_AND_CONNECTIVITY,"Confirm site/area/unit, symbol box/class, and process connectivity",ENT-THERMAX/SITE-UNASSIGNED/AREA-UNASSIGNED/UNIT-UNASSIGNED/SYS-STR-001/AST-0019,Native DXF tag plus nearby flattened vector geometry
ENT-THERMAX,Thermax,SITE-UNASSIGNED,Engineering input required,AREA-UNASSIGNED,Engineering input required,UNIT-UNASSIGNED,Engineering input required,SYS-STR-001,Single Tube Reactor System,PID-THERMAX-STR-001,SYS-STR-001,ASSET,AST-0003,R-300,Reactor,TAGGED_ASSET_CANDIDATE,NATIVE_DXF_TEXT,CLASS_INFERRED_FROM_TAG_PREFIX_AND_LOCAL_GEOMETRY,,0.99,,0.843,HIGH,0.65,0.548,LOW,1.0,0.483,1.0,0,1885.243230088657,269.3629749677548,CNN_NOT_TRAINED,REVIEW_SYMBOL_AND_CONNECTIVITY,"Confirm site/area/unit, symbol box/class, and process connectivity",ENT-THERMAX/SITE-UNASSIGNED/AREA-UNASSIGNED/UNIT-UNASSIGNED/SYS-STR-001/AST-0003,Native DXF tag plus nearby flattened vector geometry
ENT-THERMAX,Thermax,SITE-UNASSIGNED,Engineering input required,AREA-UNASSIGNED,Engineering input required,UNIT-UNASSIGNED,Engineering input required,SYS-STR-001,Single Tube Reactor System,PID-THERMAX-STR-001,SYS-STR-001,ASSET,AST-0002,R-400,Reactor,TAGGED_ASSET_CANDIDATE,NATIVE_DXF_TEXT,CLASS_INFERRED_FROM_TAG_PREFIX_AND_LOCAL_GEOMETRY,,0.99,,0.811,HIGH,0.6,0.486,LOW,1.0,0.44,1.0,0,2415.488800997748,269.3629749677548,CNN_NOT_TRAINED,REVIEW_SYMBOL_AND_CONNECTIVITY,"Confirm site/area/unit, symbol box/class, and process connectivity",ENT-THERMAX/SITE-UNASSIGNED/AREA-UNASSIGNED/UNIT-UNASSIGNED/SYS-STR-001/AST-0002,Native DXF tag plus nearby flattened vector geometry
ENT-THERMAX,Thermax,SITE-UNASSIGNED,Engineering input required,AREA-UNASSIGNED,Engineering input required,UNIT-UNASSIGNED,Engineering input required,SYS-STR-001,Single Tube Reactor System,PID-THERMAX-STR-001,SYS-STR-001,ASSET,AST-0009,SM-200,Static Mixer,TAGGED_ASSET_CANDIDATE,NATIVE_DXF_TEXT,CLASS_INFERRED_FROM_TAG_PREFIX_AND_LOCAL_GEOMETRY,,0.99,,0.909,HIGH,0.75,0.681,MEDIUM,1.0,0.534,1.0,0,1234.936206477963,242.6471561431885,CNN_NOT_TRAINED,REVIEW_SYMBOL_AND_CONNECTIVITY,"Confirm site/area/unit, symbol box/class, and process connectivity",ENT-THERMAX/SITE-UNASSIGNED/AREA-UNASSIGNED/UNIT-UNASSIGNED/SYS-STR-001/AST-0009,Native DXF tag plus nearby flattened vector geometry
ENT-THERMAX,Thermax,SITE-UNASSIGNED,Engineering input required,AREA-UNASSIGNED,Engineering input required,UNIT-UNASSIGNED,Engineering input required,SYS-STR-001,Single Tube Reactor System,PID-THERMAX-STR-001,SYS-STR-001,ASSET,AST-0022,V-200,Vessel,TAGGED_ASSET_CANDIDATE,NATIVE_DXF_TEXT,CLASS_INFERRED_FROM_TAG_PREFIX_AND_LOCAL_GEOMETRY,,0.99,,0.948,HIGH,0.75,0.711,MEDIUM,1.0,0.427,1.0,0,1113.869481857737,58.01669692030795,CNN_NOT_TRAINED,REVIEW_SYMBOL_AND_CONNECTIVITY,"Confirm site/area/unit, symbol box/class, and process connectivity",ENT-THERMAX/SITE-UNASSIGNED/AREA-UNASSIGNED/UNIT-UNASSIGNED/SYS-STR-001/AST-0022,Native DXF tag plus nearby flattened vector geometry
ENT-THERMAX,Thermax,SITE-UNASSIGNED,Engineering input required,AREA-UNASSIGNED,Engineering input required,UNIT-UNASSIGNED,Engineering input required,SYS-STR-001,Single Tube Reactor System,PID-THERMAX-STR-001,SYS-STR-001,ASSET,AST-0012,V-500,Vessel,TAGGED_ASSET_CANDIDATE,NATIVE_DXF_TEXT,CLASS_INFERRED_FROM_TAG_PREFIX_AND_LOCAL_GEOMETRY,,0.99,,0.843,HIGH,0.65,0.548,LOW,1.0,0.562,1.0,0,2790.51551914619,199.8061893357171,CNN_NOT_TRAINED,REVIEW_SYMBOL_AND_CONNECTIVITY,"Confirm site/area/unit, symbol box/class, and process connectivity",ENT-THERMAX/SITE-UNASSIGNED/AREA-UNASSIGNED/UNIT-UNASSIGNED/SYS-STR-001/AST-0012,Native DXF tag plus nearby flattened vector geometry
ENT-THERMAX,Thermax,SITE-UNASSIGNED,Engineering input required,AREA-UNASSIGNED,Engineering input required,UNIT-UNASSIGNED,Engineering input required,SYS-STR-001,Single Tube Reactor System,PID-THERMAX-STR-001,SYS-STR-001,ASSET,AST-0023,V-501,Vessel,TAGGED_ASSET_CANDIDATE,NATIVE_DXF_TEXT,CLASS_INFERRED_FROM_TAG_PREFIX_AND_LOCAL_GEOMETRY,,0.99,,0.905,HIGH,0.75,0.679,MEDIUM,1.0,0.449,1.0,0,2948.759664400774,54.36825438003141,CNN_NOT_TRAINED,REVIEW_SYMBOL_AND_CONNECTIVITY,"Confirm site/area/unit, symbol box/class, and process connectivity",ENT-THERMAX/SITE-UNASSIGNED/AREA-UNASSIGNED/UNIT-UNASSIGNED/SYS-STR-001/AST-0023,Native DXF tag plus nearby flattened vector geometry
ENT-THERMAX,Thermax,SITE-UNASSIGNED,Engineering input required,AREA-UNASSIGNED,Engineering input required,UNIT-UNASSIGNED,Engineering input required,SYS-STR-001,Single Tube Reactor System,PID-THERMAX-STR-001,SYS-STR-001,ASSET,AST-0016,V-600,Vessel,TAGGED_ASSET_CANDIDATE,NATIVE_DXF_TEXT,CLASS_INFERRED_FROM_TAG_PREFIX_AND_LOCAL_GEOMETRY,,0.99,,0.929,HIGH,0.75,0.697,MEDIUM,2.0,0.401,2.0,0,3445.914908790563,145.5355436219109,CNN_NOT_TRAINED,REVIEW_SYMBOL_AND_CONNECTIVITY,"Confirm site/area/unit, symbol box/class, and process connectivity",ENT-THERMAX/SITE-UNASSIGNED/AREA-UNASSIGNED/UNIT-UNASSIGNED/SYS-STR-001/AST-0016,Native DXF tag plus nearby flattened vector geometry
