block_id,block_name,x,y,cad_layer,attributes_json,drawing_region
BLK-0001,SCV,4738.03611811867,199.9855895009065,0,{},OUTSIDE_DRAWING_OR_LEGEND
BLK-0002,SCVA,4740.50311811867,194.1168383610267,0,{},OUTSIDE_DRAWING_OR_LEGEND
BLK-0003,BV,4740.466359818671,185.7761112578421,0,{},OUTSIDE_DRAWING_OR_LEGEND
BLK-0004,SCVA,4740.50311811867,179.0615587775909,0,{},OUTSIDE_DRAWING_OR_LEGEND
BLK-0005,4wbv,4823.504710954368,208.3742223251307,0,{},OUTSIDE_DRAWING_OR_LEGEND
BLK-0006,Globe Valve,4830.261486638939,117.7900230532733,0,{},OUTSIDE_DRAWING_OR_LEGEND
BLK-0007,Metering Valve,4804.696042763048,103.4427149467834,0,{},OUTSIDE_DRAWING_OR_LEGEND
BLK-0008,RV,4740.466359818671,131.979335576871,0,{},OUTSIDE_DRAWING_OR_LEGEND
BLK-0009,butterfly valve,4827.454658745342,96.02396008606813,0,{},OUTSIDE_DRAWING_OR_LEGEND
BLK-0010,check valve,4834.964130525579,56.07426649530193,0,{},OUTSIDE_DRAWING_OR_LEGEND
BLK-0011,pressure reducing regulator sc,4853.11322494765,92.36913194230424,0,{},OUTSIDE_DRAWING_OR_LEGEND
BLK-0012,BPR,4749.665307331439,88.80951311865844,0,{},OUTSIDE_DRAWING_OR_LEGEND
BLK-0013,vacuum relief RD,4807.066384962878,51.51205901568046,0,{},OUTSIDE_DRAWING_OR_LEGEND
BLK-0014,pressure relief RD,4726.235299082456,62.74544789342121,0,{},OUTSIDE_DRAWING_OR_LEGEND
BLK-0015,PSV,5235.609251686956,-136.3618677352923,0,{},OUTSIDE_DRAWING_OR_LEGEND
BLK-0016,PSV ST,4733.934229907998,64.52636659289462,0,{},OUTSIDE_DRAWING_OR_LEGEND
BLK-0017,vacuum relief valve,4753.248764284932,1.641540007887053,0,{},OUTSIDE_DRAWING_OR_LEGEND
BLK-0018,compressor_Seprex,5269.849493023242,-133.577220278085,0,{},OUTSIDE_DRAWING_OR_LEGEND
BLK-0019,metering pump,5281.648736869112,-167.023843020679,0,{},OUTSIDE_DRAWING_OR_LEGEND
BLK-0020,TE SM,5211.240029721214,-200.6921182176914,0,{},OUTSIDE_DRAWING_OR_LEGEND
BLK-0021,TE SM,5211.240029721214,-215.2939884433794,0,{},OUTSIDE_DRAWING_OR_LEGEND
BLK-0022,LG,5173.939922492256,-252.7629485186639,0,{},OUTSIDE_DRAWING_OR_LEGEND
BLK-0023,LT,4851.124919420908,227.9499320300034,0,{},OUTSIDE_DRAWING_OR_LEGEND
BLK-0024,Level Switch,5223.146727854294,-308.5801603324221,0,{},OUTSIDE_DRAWING_OR_LEGEND
BLK-0025,flow element,5235.079300642677,-290.7514230291202,0,{},OUTSIDE_DRAWING_OR_LEGEND
BLK-0026,FI,5233.713910590349,-281.3742612221771,0,{},OUTSIDE_DRAWING_OR_LEGEND
BLK-0027,skid mounted analog instrument,5249.287505134617,-302.2692549566914,0,{},OUTSIDE_DRAWING_OR_LEGEND
BLK-0028,skid mounted computer function,5246.391446230346,-316.940970111794,0,{},OUTSIDE_DRAWING_OR_LEGEND
BLK-0029,skid mounted distributed control function,5243.629359033479,-317.2010027818467,0,{},OUTSIDE_DRAWING_OR_LEGEND
BLK-0030,skid mounted PLC Instrument,5231.805798459173,-377.1631419621325,0,{},OUTSIDE_DRAWING_OR_LEGEND
BLK-0031,Panel mounted analog instrument,5247.858207372821,-364.9812475246305,0,{},OUTSIDE_DRAWING_OR_LEGEND
BLK-0032,panel mounted computer function instrument,5253.594412974248,-397.2153698699294,0,{},OUTSIDE_DRAWING_OR_LEGEND
BLK-0033,panel mounted distributed control function,5479.105255066967,-171.1741207667439,0,{},OUTSIDE_DRAWING_OR_LEGEND
BLK-0034,panel mounted plc instrument,5223.402843775147,-136.3618677352923,0,{},OUTSIDE_DRAWING_OR_LEGEND
BLK-0035,inaccessible analog instrument,5236.716404076322,-136.3618677352923,0,{},OUTSIDE_DRAWING_OR_LEGEND
BLK-0036,inaccessible computer function instrument,5229.631257571384,-136.3618677352922,0,{},OUTSIDE_DRAWING_OR_LEGEND
BLK-0037,inaccessible panel mounted distributed control function instrument,5236.716404076322,-136.3618677352923,0,{},OUTSIDE_DRAWING_OR_LEGEND
BLK-0038,panel mounted inaccessible plc instrument,5236.716404076322,-136.3618677352923,0,{},OUTSIDE_DRAWING_OR_LEGEND
BLK-0039,AUXILLARY LOCATION INACCESSIBLE ANALOG INSTRUMENT,5236.716404076322,-136.3618677352923,0,{},OUTSIDE_DRAWING_OR_LEGEND
BLK-0040,AUXILLARY LOCATION MOUNTED INACCESSIBLE COMPUTER FUNCTION INSTRUMENT,5236.716404076322,-136.3618677352923,0,{},OUTSIDE_DRAWING_OR_LEGEND
BLK-0041,AUXILLARY LOCATION MOUNTED DISTRIBUTED CONTROL INSTRUMENT,5236.716404076322,-136.3618677352923,0,{},OUTSIDE_DRAWING_OR_LEGEND
BLK-0042,AUXILLARY LOCATION INACCESSIBLE PLC INSTRUMENT,5236.716404076322,-136.3618677352923,0,{},OUTSIDE_DRAWING_OR_LEGEND
BLK-0043,AUXILLARY LOCATION ACCESSIBLE ANALOG INSTRUMENT,5236.716404076322,-136.3618677352923,0,{},OUTSIDE_DRAWING_OR_LEGEND
BLK-0044,AUXILLARY LOCATION ACCESSIBLE COMPUTER FUNCTION INSTRUMENT,5236.716404076322,-136.3618677352923,0,{},OUTSIDE_DRAWING_OR_LEGEND
BLK-0045,AUXILLARY LOCATION ACCESSIBLE DISTRIBUTED CONTROL FUNCTION INSTRUMENT,5236.716404076322,-136.3618677352923,0,{},OUTSIDE_DRAWING_OR_LEGEND
BLK-0046,AUXILLARY LOCATION ACCESSIBLE PLC INSTRUMENT,5236.716404076322,-136.3618677352923,0,{},OUTSIDE_DRAWING_OR_LEGEND
BLK-0047,INLINE FILTER,5898.831057182657,-632.471049928933,0,{},OUTSIDE_DRAWING_OR_LEGEND
BLK-0048,TEE TYPE FILTER,5237.932632892555,-120.5858937123064,0,{},OUTSIDE_DRAWING_OR_LEGEND
BLK-0049,FLEXIBLE HOSES,5237.785954662489,-124.5747902965936,0,{},OUTSIDE_DRAWING_OR_LEGEND
