source_id,relationship,target_id,confidence,evidence,review_status
TAG-0001,PART_OF,AREA-002,1.0,X-coordinate sheet mapping,REVIEW_AREA_MAPPING
TAG-0001,SHOWN_ON,DRAWING-001,1.0,DXF source,AUTO_VERIFIED
TAG-0002,PART_OF,AREA-003,1.0,X-coordinate sheet mapping,REVIEW_AREA_MAPPING
TAG-0002,SHOWN_ON,DRAWING-001,1.0,DXF source,AUTO_VERIFIED
TAG-0003,PART_OF,AREA-004,1.0,X-coordinate sheet mapping,REVIEW_AREA_MAPPING
TAG-0003,SHOWN_ON,DRAWING-001,1.0,DXF source,AUTO_VERIFIED
TAG-0004,PART_OF,AREA-004,1.0,X-coordinate sheet mapping,REVIEW_AREA_MAPPING
TAG-0004,SHOWN_ON,DRAWING-001,1.0,DXF source,AUTO_VERIFIED
TAG-0005,PART_OF,AREA-005,1.0,X-coordinate sheet mapping,REVIEW_AREA_MAPPING
TAG-0005,SHOWN_ON,DRAWING-001,1.0,DXF source,AUTO_VERIFIED
TAG-0006,PART_OF,AREA-004,1.0,X-coordinate sheet mapping,REVIEW_AREA_MAPPING
TAG-0006,SHOWN_ON,DRAWING-001,1.0,DXF source,AUTO_VERIFIED
TAG-0007,PART_OF,AREA-003,1.0,X-coordinate sheet mapping,REVIEW_AREA_MAPPING
TAG-0007,SHOWN_ON,DRAWING-001,1.0,DXF source,AUTO_VERIFIED
TAG-0008,PART_OF,AREA-004,1.0,X-coordinate sheet mapping,REVIEW_AREA_MAPPING
TAG-0008,SHOWN_ON,DRAWING-001,1.0,DXF source,AUTO_VERIFIED
TAG-0009,PART_OF,AREA-002,1.0,X-coordinate sheet mapping,REVIEW_AREA_MAPPING
TAG-0009,SHOWN_ON,DRAWING-001,1.0,DXF source,AUTO_VERIFIED
TAG-0010,PART_OF,AREA-004,1.0,X-coordinate sheet mapping,REVIEW_AREA_MAPPING
TAG-0010,SHOWN_ON,DRAWING-001,1.0,DXF source,AUTO_VERIFIED
TAG-0011,PART_OF,AREA-005,1.0,X-coordinate sheet mapping,REVIEW_AREA_MAPPING
TAG-0011,SHOWN_ON,DRAWING-001,1.0,DXF source,AUTO_VERIFIED
TAG-0012,PART_OF,AREA-005,1.0,X-coordinate sheet mapping,REVIEW_AREA_MAPPING
TAG-0012,SHOWN_ON,DRAWING-001,1.0,DXF source,AUTO_VERIFIED
TAG-0013,PART_OF,AREA-002,1.0,X-coordinate sheet mapping,REVIEW_AREA_MAPPING
TAG-0013,SHOWN_ON,DRAWING-001,1.0,DXF source,AUTO_VERIFIED
TAG-0014,PART_OF,AREA-007,1.0,X-coordinate sheet mapping,REVIEW_AREA_MAPPING
TAG-0014,SHOWN_ON,DRAWING-001,1.0,DXF source,AUTO_VERIFIED
TAG-0015,PART_OF,AREA-006,1.0,X-coordinate sheet mapping,REVIEW_AREA_MAPPING
TAG-0015,SHOWN_ON,DRAWING-001,1.0,DXF source,AUTO_VERIFIED
TAG-0016,PART_OF,AREA-006,1.0,X-coordinate sheet mapping,REVIEW_AREA_MAPPING
TAG-0016,SHOWN_ON,DRAWING-001,1.0,DXF source,AUTO_VERIFIED
TAG-0017,PART_OF,AREA-004,1.0,X-coordinate sheet mapping,REVIEW_AREA_MAPPING
TAG-0017,SHOWN_ON,DRAWING-001,1.0,DXF source,AUTO_VERIFIED
TAG-0018,PART_OF,AREA-003,1.0,X-coordinate sheet mapping,REVIEW_AREA_MAPPING
TAG-0018,SHOWN_ON,DRAWING-001,1.0,DXF source,AUTO_VERIFIED
TAG-0019,PART_OF,AREA-004,1.0,X-coordinate sheet mapping,REVIEW_AREA_MAPPING
TAG-0019,SHOWN_ON,DRAWING-001,1.0,DXF source,AUTO_VERIFIED
TAG-0020,PART_OF,AREA-004,1.0,X-coordinate sheet mapping,REVIEW_AREA_MAPPING
TAG-0020,SHOWN_ON,DRAWING-001,1.0,DXF source,AUTO_VERIFIED
TAG-0021,PART_OF,AREA-004,1.0,X-coordinate sheet mapping,REVIEW_AREA_MAPPING
TAG-0021,SHOWN_ON,DRAWING-001,1.0,DXF source,AUTO_VERIFIED
TAG-0022,PART_OF,AREA-002,1.0,X-coordinate sheet mapping,REVIEW_AREA_MAPPING
TAG-0022,SHOWN_ON,DRAWING-001,1.0,DXF source,AUTO_VERIFIED
TAG-0023,PART_OF,AREA-005,1.0,X-coordinate sheet mapping,REVIEW_AREA_MAPPING
TAG-0023,SHOWN_ON,DRAWING-001,1.0,DXF source,AUTO_VERIFIED
TAG-0024,PART_OF,AREA-004,1.0,X-coordinate sheet mapping,REVIEW_AREA_MAPPING
TAG-0024,SHOWN_ON,DRAWING-001,1.0,DXF source,AUTO_VERIFIED
BLK-0001,PART_OF,AREA-009,1.0,X-coordinate sheet mapping,REVIEW_AREA_MAPPING
BLK-0001,SHOWN_ON,DRAWING-001,1.0,DXF source,AUTO_VERIFIED
BLK-0002,PART_OF,AREA-009,1.0,X-coordinate sheet mapping,REVIEW_AREA_MAPPING
BLK-0002,SHOWN_ON,DRAWING-001,1.0,DXF source,AUTO_VERIFIED
BLK-0003,PART_OF,AREA-009,1.0,X-coordinate sheet mapping,REVIEW_AREA_MAPPING
BLK-0003,SHOWN_ON,DRAWING-001,1.0,DXF source,AUTO_VERIFIED
BLK-0004,PART_OF,AREA-009,1.0,X-coordinate sheet mapping,REVIEW_AREA_MAPPING
BLK-0004,SHOWN_ON,DRAWING-001,1.0,DXF source,AUTO_VERIFIED
BLK-0005,PART_OF,AREA-009,1.0,X-coordinate sheet mapping,REVIEW_AREA_MAPPING
BLK-0005,SHOWN_ON,DRAWING-001,1.0,DXF source,AUTO_VERIFIED
BLK-0006,PART_OF,AREA-009,1.0,X-coordinate sheet mapping,REVIEW_AREA_MAPPING
BLK-0006,SHOWN_ON,DRAWING-001,1.0,DXF source,AUTO_VERIFIED
BLK-0007,PART_OF,AREA-009,1.0,X-coordinate sheet mapping,REVIEW_AREA_MAPPING
BLK-0007,SHOWN_ON,DRAWING-001,1.0,DXF source,AUTO_VERIFIED
BLK-0008,PART_OF,AREA-009,1.0,X-coordinate sheet mapping,REVIEW_AREA_MAPPING
BLK-0008,SHOWN_ON,DRAWING-001,1.0,DXF source,AUTO_VERIFIED
BLK-0009,PART_OF,AREA-009,1.0,X-coordinate sheet mapping,REVIEW_AREA_MAPPING
BLK-0009,SHOWN_ON,DRAWING-001,1.0,DXF source,AUTO_VERIFIED
BLK-0010,PART_OF,AREA-009,1.0,X-coordinate sheet mapping,REVIEW_AREA_MAPPING
BLK-0010,SHOWN_ON,DRAWING-001,1.0,DXF source,AUTO_VERIFIED
BLK-0011,PART_OF,AREA-009,1.0,X-coordinate sheet mapping,REVIEW_AREA_MAPPING
BLK-0011,SHOWN_ON,DRAWING-001,1.0,DXF source,AUTO_VERIFIED
BLK-0012,PART_OF,AREA-009,1.0,X-coordinate sheet mapping,REVIEW_AREA_MAPPING
BLK-0012,SHOWN_ON,DRAWING-001,1.0,DXF source,AUTO_VERIFIED
BLK-0013,PART_OF,AREA-009,1.0,X-coordinate sheet mapping,REVIEW_AREA_MAPPING
BLK-0013,SHOWN_ON,DRAWING-001,1.0,DXF source,AUTO_VERIFIED
BLK-0014,PART_OF,AREA-009,1.0,X-coordinate sheet mapping,REVIEW_AREA_MAPPING
BLK-0014,SHOWN_ON,DRAWING-001,1.0,DXF source,AUTO_VERIFIED
BLK-0015,PART_OF,AREA-009,1.0,X-coordinate sheet mapping,REVIEW_AREA_MAPPING
BLK-0015,SHOWN_ON,DRAWING-001,1.0,DXF source,AUTO_VERIFIED
BLK-0016,PART_OF,AREA-009,1.0,X-coordinate sheet mapping,REVIEW_AREA_MAPPING
BLK-0016,SHOWN_ON,DRAWING-001,1.0,DXF source,AUTO_VERIFIED
BLK-0017,PART_OF,AREA-009,1.0,X-coordinate sheet mapping,REVIEW_AREA_MAPPING
BLK-0017,SHOWN_ON,DRAWING-001,1.0,DXF source,AUTO_VERIFIED
BLK-0018,PART_OF,AREA-009,1.0,X-coordinate sheet mapping,REVIEW_AREA_MAPPING
BLK-0018,SHOWN_ON,DRAWING-001,1.0,DXF source,AUTO_VERIFIED
BLK-0019,PART_OF,AREA-009,1.0,X-coordinate sheet mapping,REVIEW_AREA_MAPPING
BLK-0019,SHOWN_ON,DRAWING-001,1.0,DXF source,AUTO_VERIFIED
BLK-0020,PART_OF,AREA-009,1.0,X-coordinate sheet mapping,REVIEW_AREA_MAPPING
BLK-0020,SHOWN_ON,DRAWING-001,1.0,DXF source,AUTO_VERIFIED
BLK-0021,PART_OF,AREA-009,1.0,X-coordinate sheet mapping,REVIEW_AREA_MAPPING
BLK-0021,SHOWN_ON,DRAWING-001,1.0,DXF source,AUTO_VERIFIED
BLK-0022,PART_OF,AREA-009,1.0,X-coordinate sheet mapping,REVIEW_AREA_MAPPING
BLK-0022,SHOWN_ON,DRAWING-001,1.0,DXF source,AUTO_VERIFIED
BLK-0023,PART_OF,AREA-009,1.0,X-coordinate sheet mapping,REVIEW_AREA_MAPPING
BLK-0023,SHOWN_ON,DRAWING-001,1.0,DXF source,AUTO_VERIFIED
BLK-0024,PART_OF,AREA-009,1.0,X-coordinate sheet mapping,REVIEW_AREA_MAPPING
BLK-0024,SHOWN_ON,DRAWING-001,1.0,DXF source,AUTO_VERIFIED
BLK-0025,PART_OF,AREA-009,1.0,X-coordinate sheet mapping,REVIEW_AREA_MAPPING
BLK-0025,SHOWN_ON,DRAWING-001,1.0,DXF source,AUTO_VERIFIED
BLK-0026,PART_OF,AREA-009,1.0,X-coordinate sheet mapping,REVIEW_AREA_MAPPING
BLK-0026,SHOWN_ON,DRAWING-001,1.0,DXF source,AUTO_VERIFIED
BLK-0027,PART_OF,AREA-009,1.0,X-coordinate sheet mapping,REVIEW_AREA_MAPPING
BLK-0027,SHOWN_ON,DRAWING-001,1.0,DXF source,AUTO_VERIFIED
BLK-0028,PART_OF,AREA-009,1.0,X-coordinate sheet mapping,REVIEW_AREA_MAPPING
BLK-0028,SHOWN_ON,DRAWING-001,1.0,DXF source,AUTO_VERIFIED
BLK-0029,PART_OF,AREA-009,1.0,X-coordinate sheet mapping,REVIEW_AREA_MAPPING
BLK-0029,SHOWN_ON,DRAWING-001,1.0,DXF source,AUTO_VERIFIED
BLK-0030,PART_OF,AREA-009,1.0,X-coordinate sheet mapping,REVIEW_AREA_MAPPING
BLK-0030,SHOWN_ON,DRAWING-001,1.0,DXF source,AUTO_VERIFIED
BLK-0031,PART_OF,AREA-009,1.0,X-coordinate sheet mapping,REVIEW_AREA_MAPPING
BLK-0031,SHOWN_ON,DRAWING-001,1.0,DXF source,AUTO_VERIFIED
BLK-0032,PART_OF,AREA-009,1.0,X-coordinate sheet mapping,REVIEW_AREA_MAPPING
BLK-0032,SHOWN_ON,DRAWING-001,1.0,DXF source,AUTO_VERIFIED
BLK-0033,PART_OF,AREA-009,1.0,X-coordinate sheet mapping,REVIEW_AREA_MAPPING
BLK-0033,SHOWN_ON,DRAWING-001,1.0,DXF source,AUTO_VERIFIED
BLK-0034,PART_OF,AREA-009,1.0,X-coordinate sheet mapping,REVIEW_AREA_MAPPING
BLK-0034,SHOWN_ON,DRAWING-001,1.0,DXF source,AUTO_VERIFIED
BLK-0035,PART_OF,AREA-009,1.0,X-coordinate sheet mapping,REVIEW_AREA_MAPPING
BLK-0035,SHOWN_ON,DRAWING-001,1.0,DXF source,AUTO_VERIFIED
BLK-0036,PART_OF,AREA-009,1.0,X-coordinate sheet mapping,REVIEW_AREA_MAPPING
BLK-0036,SHOWN_ON,DRAWING-001,1.0,DXF source,AUTO_VERIFIED
BLK-0037,PART_OF,AREA-009,1.0,X-coordinate sheet mapping,REVIEW_AREA_MAPPING
BLK-0037,SHOWN_ON,DRAWING-001,1.0,DXF source,AUTO_VERIFIED
BLK-0038,PART_OF,AREA-009,1.0,X-coordinate sheet mapping,REVIEW_AREA_MAPPING
BLK-0038,SHOWN_ON,DRAWING-001,1.0,DXF source,AUTO_VERIFIED
BLK-0039,PART_OF,AREA-009,1.0,X-coordinate sheet mapping,REVIEW_AREA_MAPPING
BLK-0039,SHOWN_ON,DRAWING-001,1.0,DXF source,AUTO_VERIFIED
BLK-0040,PART_OF,AREA-009,1.0,X-coordinate sheet mapping,REVIEW_AREA_MAPPING
BLK-0040,SHOWN_ON,DRAWING-001,1.0,DXF source,AUTO_VERIFIED
BLK-0041,PART_OF,AREA-009,1.0,X-coordinate sheet mapping,REVIEW_AREA_MAPPING
BLK-0041,SHOWN_ON,DRAWING-001,1.0,DXF source,AUTO_VERIFIED
BLK-0042,PART_OF,AREA-009,1.0,X-coordinate sheet mapping,REVIEW_AREA_MAPPING
BLK-0042,SHOWN_ON,DRAWING-001,1.0,DXF source,AUTO_VERIFIED
BLK-0043,PART_OF,AREA-009,1.0,X-coordinate sheet mapping,REVIEW_AREA_MAPPING
BLK-0043,SHOWN_ON,DRAWING-001,1.0,DXF source,AUTO_VERIFIED
BLK-0044,PART_OF,AREA-009,1.0,X-coordinate sheet mapping,REVIEW_AREA_MAPPING
BLK-0044,SHOWN_ON,DRAWING-001,1.0,DXF source,AUTO_VERIFIED
BLK-0045,PART_OF,AREA-009,1.0,X-coordinate sheet mapping,REVIEW_AREA_MAPPING
BLK-0045,SHOWN_ON,DRAWING-001,1.0,DXF source,AUTO_VERIFIED
BLK-0046,PART_OF,AREA-009,1.0,X-coordinate sheet mapping,REVIEW_AREA_MAPPING
BLK-0046,SHOWN_ON,DRAWING-001,1.0,DXF source,AUTO_VERIFIED
BLK-0047,PART_OF,AREA-009,1.0,X-coordinate sheet mapping,REVIEW_AREA_MAPPING
BLK-0047,SHOWN_ON,DRAWING-001,1.0,DXF source,AUTO_VERIFIED
BLK-0048,PART_OF,AREA-009,1.0,X-coordinate sheet mapping,REVIEW_AREA_MAPPING
BLK-0048,SHOWN_ON,DRAWING-001,1.0,DXF source,AUTO_VERIFIED
BLK-0049,PART_OF,AREA-009,1.0,X-coordinate sheet mapping,REVIEW_AREA_MAPPING
BLK-0049,SHOWN_ON,DRAWING-001,1.0,DXF source,AUTO_VERIFIED
BLK-00001,CONNECTED_TO,BLK-00002,0.55,DXF line-component proximity,REVIEW_CONNECTIVITY
BLK-00001,CONNECTED_TO,BLK-00003,0.55,DXF line-component proximity,REVIEW_CONNECTIVITY
BLK-00001,CONNECTED_TO,BLK-00004,0.55,DXF line-component proximity,REVIEW_CONNECTIVITY
BLK-00001,CONNECTED_TO,BLK-00023,0.55,DXF line-component proximity,REVIEW_CONNECTIVITY
BLK-00002,CONNECTED_TO,BLK-00003,0.55,DXF line-component proximity,REVIEW_CONNECTIVITY
BLK-00002,CONNECTED_TO,BLK-00004,0.55,DXF line-component proximity,REVIEW_CONNECTIVITY
BLK-00002,CONNECTED_TO,BLK-00023,0.55,DXF line-component proximity,REVIEW_CONNECTIVITY
BLK-00003,CONNECTED_TO,BLK-00004,0.55,DXF line-component proximity,REVIEW_CONNECTIVITY
BLK-00003,CONNECTED_TO,BLK-00023,0.55,DXF line-component proximity,REVIEW_CONNECTIVITY
BLK-00004,CONNECTED_TO,BLK-00023,0.55,DXF line-component proximity,REVIEW_CONNECTIVITY
BLK-00001,CONNECTED_TO,BLK-00002,0.55,DXF line-component proximity,REVIEW_CONNECTIVITY
BLK-00001,CONNECTED_TO,BLK-00003,0.55,DXF line-component proximity,REVIEW_CONNECTIVITY
BLK-00001,CONNECTED_TO,BLK-00004,0.55,DXF line-component proximity,REVIEW_CONNECTIVITY
BLK-00002,CONNECTED_TO,BLK-00003,0.55,DXF line-component proximity,REVIEW_CONNECTIVITY
BLK-00002,CONNECTED_TO,BLK-00004,0.55,DXF line-component proximity,REVIEW_CONNECTIVITY
BLK-00003,CONNECTED_TO,BLK-00004,0.55,DXF line-component proximity,REVIEW_CONNECTIVITY
BLK-00001,CONNECTED_TO,BLK-00023,0.55,DXF line-component proximity,REVIEW_CONNECTIVITY
BLK-00001,CONNECTED_TO,BLK-00002,0.55,DXF line-component proximity,REVIEW_CONNECTIVITY
BLK-00001,CONNECTED_TO,BLK-00003,0.55,DXF line-component proximity,REVIEW_CONNECTIVITY
BLK-00001,CONNECTED_TO,BLK-00004,0.55,DXF line-component proximity,REVIEW_CONNECTIVITY
BLK-00002,CONNECTED_TO,BLK-00003,0.55,DXF line-component proximity,REVIEW_CONNECTIVITY
BLK-00002,CONNECTED_TO,BLK-00004,0.55,DXF line-component proximity,REVIEW_CONNECTIVITY
BLK-00003,CONNECTED_TO,BLK-00004,0.55,DXF line-component proximity,REVIEW_CONNECTIVITY
BLK-00003,CONNECTED_TO,BLK-00004,0.55,DXF line-component proximity,REVIEW_CONNECTIVITY
BLK-00003,CONNECTED_TO,BLK-00008,0.55,DXF line-component proximity,REVIEW_CONNECTIVITY
BLK-00004,CONNECTED_TO,BLK-00008,0.55,DXF line-component proximity,REVIEW_CONNECTIVITY
BLK-00005,CONNECTED_TO,BLK-00023,0.55,DXF line-component proximity,REVIEW_CONNECTIVITY
BLK-00005,CONNECTED_TO,BLK-00023,0.55,DXF line-component proximity,REVIEW_CONNECTIVITY
BLK-00008,CONNECTED_TO,BLK-00012,0.55,DXF line-component proximity,REVIEW_CONNECTIVITY
BLK-00010,CONNECTED_TO,BLK-00012,0.55,DXF line-component proximity,REVIEW_CONNECTIVITY
BLK-00010,CONNECTED_TO,BLK-00014,0.55,DXF line-component proximity,REVIEW_CONNECTIVITY
BLK-00010,CONNECTED_TO,BLK-00016,0.55,DXF line-component proximity,REVIEW_CONNECTIVITY
BLK-00010,CONNECTED_TO,BLK-00023,0.55,DXF line-component proximity,REVIEW_CONNECTIVITY
BLK-00012,CONNECTED_TO,BLK-00014,0.55,DXF line-component proximity,REVIEW_CONNECTIVITY
BLK-00012,CONNECTED_TO,BLK-00016,0.55,DXF line-component proximity,REVIEW_CONNECTIVITY
BLK-00012,CONNECTED_TO,BLK-00023,0.55,DXF line-component proximity,REVIEW_CONNECTIVITY
BLK-00014,CONNECTED_TO,BLK-00016,0.55,DXF line-component proximity,REVIEW_CONNECTIVITY
BLK-00014,CONNECTED_TO,BLK-00023,0.55,DXF line-component proximity,REVIEW_CONNECTIVITY
BLK-00016,CONNECTED_TO,BLK-00023,0.55,DXF line-component proximity,REVIEW_CONNECTIVITY
BLK-00012,CONNECTED_TO,BLK-00014,0.55,DXF line-component proximity,REVIEW_CONNECTIVITY
BLK-00012,CONNECTED_TO,BLK-00016,0.55,DXF line-component proximity,REVIEW_CONNECTIVITY
BLK-00014,CONNECTED_TO,BLK-00016,0.55,DXF line-component proximity,REVIEW_CONNECTIVITY
BLK-00014,CONNECTED_TO,BLK-00016,0.55,DXF line-component proximity,REVIEW_CONNECTIVITY
BLK-00014,CONNECTED_TO,BLK-00017,0.55,DXF line-component proximity,REVIEW_CONNECTIVITY
BLK-00016,CONNECTED_TO,BLK-00017,0.55,DXF line-component proximity,REVIEW_CONNECTIVITY
