node_id,node_name,node_type,parent_id
ENT-THERMAX,Thermax,ENTERPRISE,
SITE-UNASSIGNED,Engineering input required,SITE,ENT-THERMAX
AREA-UNASSIGNED,Engineering input required,AREA,SITE-UNASSIGNED
UNIT-UNASSIGNED,Engineering input required,PROCESS_UNIT,AREA-UNASSIGNED
SYS-STR-001,Single Tube Reactor System,SYSTEM,UNIT-UNASSIGNED
AST-0024,CH-400,ASSET,SYS-STR-001
AST-0013,FRN-200,ASSET,SYS-STR-001
AST-0018,FRN-300,ASSET,SYS-STR-001
AST-0001,HE-200,ASSET,SYS-STR-001
AST-0020,HE-400,ASSET,SYS-STR-001
AST-0004,HE-401,ASSET,SYS-STR-001
AST-0017,HE-402,ASSET,SYS-STR-001
AST-0015,HE-600,ASSET,SYS-STR-001
AST-0014,HE-700,ASSET,SYS-STR-001
AST-0007,I-10,ASSET,SYS-STR-001
AST-0008,I-11,ASSET,SYS-STR-001
AST-0021,I-12,ASSET,SYS-STR-001
AST-0005,I-13,ASSET,SYS-STR-001
AST-0011,I-14,ASSET,SYS-STR-001
AST-0010,LG-401,ASSET,SYS-STR-001
AST-0006,M-401,ASSET,SYS-STR-001
AST-0019,PRV-105,ASSET,SYS-STR-001
AST-0003,R-300,ASSET,SYS-STR-001
AST-0002,R-400,ASSET,SYS-STR-001
AST-0009,SM-200,ASSET,SYS-STR-001
AST-0022,V-200,ASSET,SYS-STR-001
AST-0012,V-500,ASSET,SYS-STR-001
AST-0023,V-501,ASSET,SYS-STR-001
AST-0016,V-600,ASSET,SYS-STR-001
