source_id,target_id,relationship,confidence,evidence,direction,review_status
AST-0001,AST-0013,CONNECTED_TO_CANDIDATE,0.489,Shared CAD layer 0 + spatial proximity,UNKNOWN,ENGINEERING_REVIEW_REQUIRED
AST-0002,AST-0006,CONNECTED_TO_CANDIDATE,0.44,Shared CAD layer 0 + spatial proximity,UNKNOWN,ENGINEERING_REVIEW_REQUIRED
AST-0003,AST-0007,CONNECTED_TO_CANDIDATE,0.483,Shared CAD layer 0 + spatial proximity,UNKNOWN,ENGINEERING_REVIEW_REQUIRED
AST-0004,AST-0006,CONNECTED_TO_CANDIDATE,0.592,Shared CAD layer 0 + spatial proximity,UNKNOWN,ENGINEERING_REVIEW_REQUIRED
AST-0005,AST-0011,CONNECTED_TO_CANDIDATE,0.555,Shared CAD layer 0 + spatial proximity,UNKNOWN,ENGINEERING_REVIEW_REQUIRED
AST-0008,AST-0010,CONNECTED_TO_CANDIDATE,0.549,Shared CAD layer 0 + spatial proximity,UNKNOWN,ENGINEERING_REVIEW_REQUIRED
AST-0009,AST-0013,CONNECTED_TO_CANDIDATE,0.534,Shared CAD layer 0 + spatial proximity,UNKNOWN,ENGINEERING_REVIEW_REQUIRED
AST-0006,AST-0010,CONNECTED_TO_CANDIDATE,0.566,Shared CAD layer 0 + spatial proximity,UNKNOWN,ENGINEERING_REVIEW_REQUIRED
AST-0011,AST-0012,CONNECTED_TO_CANDIDATE,0.562,Shared CAD layer 0 + spatial proximity,UNKNOWN,ENGINEERING_REVIEW_REQUIRED
AST-0014,AST-0016,CONNECTED_TO_CANDIDATE,0.334,Shared CAD layer 0 + spatial proximity,UNKNOWN,ENGINEERING_REVIEW_REQUIRED
AST-0015,AST-0016,CONNECTED_TO_CANDIDATE,0.468,Shared CAD layer 0 + spatial proximity,UNKNOWN,ENGINEERING_REVIEW_REQUIRED
AST-0017,AST-0020,CONNECTED_TO_CANDIDATE,0.551,Shared CAD layer 0 + spatial proximity,UNKNOWN,ENGINEERING_REVIEW_REQUIRED
AST-0019,AST-0021,CONNECTED_TO_CANDIDATE,0.541,Shared CAD layer 0 + spatial proximity,UNKNOWN,ENGINEERING_REVIEW_REQUIRED
AST-0021,AST-0024,CONNECTED_TO_CANDIDATE,0.557,Shared CAD layer 0 + spatial proximity,UNKNOWN,ENGINEERING_REVIEW_REQUIRED
AST-0013,AST-0022,CONNECTED_TO_CANDIDATE,0.427,Shared CAD layer 0 + spatial proximity,UNKNOWN,ENGINEERING_REVIEW_REQUIRED
AST-0011,AST-0023,CONNECTED_TO_CANDIDATE,0.449,Shared CAD layer 0 + spatial proximity,UNKNOWN,ENGINEERING_REVIEW_REQUIRED
