text_id,text,x,y,cad_layer,candidate_tags
TXT-00001,MANUAL,150.5104797490053,146.9238146828442,0,
TXT-00002,MANI-,152.7541715271884,142.9424564408092,0,
TXT-00003,FOLD,153.0758694298679,138.836566071394,0,
TXT-00004,MANUAL,150.4636776930831,236.9246704397552,0,
TXT-00005,MANI-,152.707369471266,232.9434696493499,0,
TXT-00006,FOLD,153.0290673739455,228.838221198117,0,
TXT-00007,MANUAL,150.3593149899511,197.627925612848,0,
TXT-00008,MANI-,152.6030067681342,193.648372008722,0,
TXT-00009,FOLD,152.9247046708137,189.5430993341615,0,
TXT-00010,MANUAL,150.4101322589336,86.35271948744315,0,
TXT-00011,MANI-,152.6538240371167,82.41420322824973,0,
TXT-00012,FOLD,152.9755219397961,78.31035973001974,0,
TXT-00013,(GAS FEED SECTION),888.2910692816821,5.671906170248985,0,
TXT-00014,SSG,939.4339020377245,35.03461661338806,0,
TXT-00015,NTS,935.4289139395801,8.607722383737563,0,
TXT-00016,SM,939.4339020377245,38.42142539024353,0,
TXT-00017,THERMAX LIMITED,872.5226519232837,19.13474985361099,0,
TXT-00018,V-200,1113.869481857737,58.01669692030795,0,V-200
TXT-00019,NTS,1447.39519800552,8.734178751707077,0,
TXT-00020,V-200,1156.663210433803,21.51094044601061,0,V-200
TXT-00021,HE-200,1189.460124081893,22.6007310628891,0,HE-200
TXT-00022,( LIQUID FEED SECTION),1399.613763755642,6.171335926651954,0,
TXT-00023,SM-200,1234.936206477963,242.6471561431885,0,SM-200
TXT-00024,SM-200,1224.604732332898,22.6007310628891,0,SM-200
TXT-00025,SSG,1451.399895423733,35.11930136680603,0,
TXT-00026,SM,1451.399895423733,38.5061101436615,0,
TXT-00027,HE-200,1291.00738424667,186.2143483161926,0,HE-200
TXT-00028,FRN-200,1290.997404235683,181.6464221954346,0,FRN-200
TXT-00029,FRN-200,1255.165261246815,22.60445691347122,0,FRN-200
TXT-00030,THERMAX LIMITED,1384.531011909329,19.13433957099914,0,
TXT-00031,R-300,1710.113252203975,23.06598094701767,0,R-300
TXT-00032,FRN-300,1755.208755887315,22.72911167144775,0,FRN-300
TXT-00033,NTS,1946.042128985439,8.818863505125044,0,
TXT-00034,( REACTOR-1 SECTION),1896.776921853225,5.80390740931034,0,
TXT-00035,SSG,1950.043410914455,35.24948661327363,0,
TXT-00036,SM,1950.001044314418,38.5938137292862,0,
TXT-00037,FRN-300,1726.568945925746,131.0572741508484,0,FRN-300
TXT-00038,THERMAX LIMITED,1883.136109202419,19.13509352207183,0,
TXT-00039,A,1698.411760198814,200.5727715280321,0,
TXT-00040,B,1694.457677423698,195.4511243608262,0,
TXT-00041,R-400,2139.680484394652,138.6736333847045,0,R-400
TXT-00042,CH-400,2277.103441305931,19.09310692548752,0,CH-400
TXT-00043,NTS,2476.28769989453,8.903548258543013,0,
TXT-00044,( REACTOR-2 SECTION),2425.898976013197,5.611980685591697,0,
TXT-00045,SSG,2480.335175709349,35.33102536201477,0,
TXT-00046,SM,2480.293317799193,38.67547965049744,0,
TXT-00047,HE-400,2249.120364384276,18.92227342128754,0,HE-400
TXT-00048,HE-401,2212.272389247696,264.9569028440545,0,HE-401
TXT-00049,HE-402,2236.571502204835,143.2457499047204,0,HE-402
TXT-00050,HE-400,2278.527624613212,98.12903214270445,0,HE-400
TXT-00051,PACKAGED UNIT,2196.450480942351,32.69507615566253,0,
TXT-00052,CH-400,2201.749188522917,44.96125149726867,0,CH-400
TXT-00053,R-400,2222.747301201446,19.21430834531784,0,R-400
TXT-00054,THERMAX LIMITED,2413.38168011151,19.13468475341797,0,
TXT-00055,B,2193.818519501311,134.7859588623047,0,
TXT-00056,A,2193.793835930449,126.6579181671142,0,
TXT-00057,V-500,2808.503108219371,31.41214379204644,0,V-500
TXT-00058,V-501,2851.683030704723,31.62457631958855,0,V-501
TXT-00059,NTS,3067.656766514049,13.51790915264023,0,
TXT-00060,( PRODUCT SECTION),3019.127113444366,10.91772672725193,0,
TXT-00061,SSG,3071.704145435558,39.94538625611199,0,
TXT-00062,SM,3071.660737232433,43.28984054459465,0,
TXT-00063,V-500,2790.51551914619,199.8061893357171,0,V-500
TXT-00064,V-501,2948.759664400774,54.36825438003141,0,V-501
TXT-00065,THERMAX LIMITED,3004.749971584545,23.74904564751519,0,
TXT-00066,NTS,3550.910341930893,13.6025939060582,0,
TXT-00067,( SAMPLE HANDLING SYSTEM 1 ),3497.100546951926,10.93028837714657,0,
TXT-00068,SSG,3554.957817745713,40.03007100952996,0,
TXT-00069,SM,3554.915959835557,43.37452529801263,0,
TXT-00070,V-600,3445.914908790563,145.5355436219109,0,V-600
TXT-00071,HE-600,3298.419382572678,23.65682441128624,0,HE-600
TXT-00072,V-600,3331.395967102555,23.65682441128624,0,V-600
TXT-00073,THERMAX LIMITED,3488.004322147873,23.83373040093315,0,
TXT-00074,HE-600,3283.601076794175,171.8238736046685,0,HE-600
TXT-00075,NTS,4044.434498004956,13.68727865947617,0,
TXT-00076,SSG,4048.481876926464,40.11475576294793,0,
TXT-00077,THERMAX LIMITED,3981.527703075451,23.91841515435113,0,
TXT-00078,SM,4048.438468723339,43.45921005143059,0,
TXT-00079,HE-700,3813.575321464581,27.50932363404168,0,HE-700
TXT-00080,HE-700,3777.12606857304,171.9085583580865,0,HE-700
TXT-00081,NTS,4533.617422658164,13.77196341289414,0,
TXT-00082,SSG,4537.664898472984,40.19944051636589,0,
TXT-00083,THERMAX LIMITED,4470.711402875144,24.00309990776909,0,
TXT-00084,SM,4537.623040562827,43.54389480484856,0,
TXT-00085,103,597.5354971713957,163.9930886924063,0,
TXT-00086,102,597.5354971713957,202.431741578691,0,
TXT-00087,104,597.5354971713957,124.6230757732982,0,
TXT-00088,105,683.546371965418,111.3021841194714,0,
TXT-00089,105,709.9569658623348,125.0167834122424,0,
TXT-00090,106,750.8244825297398,125.2580714669289,0,
TXT-00091,001,262.9104632096671,252.9905624971253,0,
TXT-00092,001,262.9465133961034,261.5972657702392,0,
TXT-00093,001,266.0991889636982,245.457664649583,0,
TXT-00094,002,264.1491166673859,220.2212734852743,0,
TXT-00095,002,264.1653454454722,211.6337722014994,0,
TXT-00096,003,262.539091141409,155.1404303839143,0,
TXT-00097,003,262.531544342439,163.7532494716708,0,
TXT-00098,004,262.8116374539666,110.1005155608281,0,
TXT-00099,004,262.8323669651563,101.3822933376272,0,
TXT-00100,002,267.3481197491446,205.5810833636774,0,
TXT-00101,003,265.7174245410256,148.3292089560973,0,
TXT-00102,004,266.1303499492437,95.8353950682525,0,
TXT-00103,102,390.2977597401823,195.128853347223,0,
TXT-00104,103,389.9356516009466,144.305890010168,0,
TXT-00105,104,389.7135597836875,84.40274396773302,0,
TXT-00106,106,1079.586771729394,273.3887174818251,0,
TXT-00107,202,1125.264434197351,108.288717481825,0,
TXT-00108,204,1140.136414516716,51.8447019788955,0,
TXT-00109,211,1303.162079460835,275.4917097303604,0,
TXT-00110,212,1312.221410210347,271.0043867323135,0,
TXT-00111,210,1268.745080322109,237.3493781195747,0,
TXT-00112,201,1140.64441537799,108.9523918999567,0,
TXT-00113,202,1277.960760855811,271.1873660617405,0,
TXT-00114,205,1309.746182706785,183.162199283597,0,
TXT-00115,205,1309.746182833102,174.1875317556565,0,
TXT-00116,206,1326.102354868017,248.9246662784037,0,
TXT-00117,206,1326.072929596595,243.6185824390662,0,
TXT-00118,202,1319.423854272063,276.2039635920198,0,
TXT-00119,104,1081.452425097556,173.3957745656524,0,
TXT-00120,301,1655.559513041804,220.9759379958331,0,
TXT-00121,301,1671.179558085305,220.9759379958331,0,
TXT-00122,301,1655.600888858259,207.4715919672966,0,
TXT-00123,301,1671.179556816837,207.4715919672966,0,
TXT-00124,310,1760.926222476291,104.4090786397876,0,
TXT-00125,310,1761.010925111173,95.43440034592368,0,
TXT-00126,105,2115.628836540366,265.1940140417485,0,
TXT-00127,401,2141.615951421211,229.896919030769,0,
TXT-00128,402,2151.249507993217,222.6173962063261,0,
TXT-00129,403,2292.406979114694,78.24384432017564,0,
TXT-00130,404,2307.784492920924,78.24384432017564,0,
TXT-00131,405,2292.20583572827,68.33785982310532,0,
TXT-00132,406,2307.784492920924,68.33785982310532,0,
TXT-00133,409,2209.922486759218,241.40493837229,0,
TXT-00134,410,2219.747293313071,232.4350154472053,0,
TXT-00135,408,2262.613619879253,226.3644558095901,0,
TXT-00136,401,2180.46660288962,129.272383287218,0,
TXT-00137,403,2226.65226352737,41.59485564827121,0,
TXT-00138,404,2218.185596860703,64.67173987494584,0,
TXT-00139,408,2239.817932777858,87.99740481906466,0,
TXT-00140,407,2250.231928902126,82.70442689314481,0,
TXT-00141,412,2381.783184564533,66.94087360348728,0,
TXT-00142,411,2381.783184564533,57.79685810055759,0,
TXT-00143,409,2378.269510146401,44.54652562849813,0,
TXT-00144,410,2378.396504978758,35.48717334713963,0,
TXT-00145,501,2869.851604836967,177.9311178728807,0,
TXT-00146,502,2870.193915460256,169.5179920634844,0,
TXT-00147,501,2869.161171272662,132.4181515573406,0,
TXT-00148,502,2950.149125493663,107.5331879564309,0,
TXT-00149,504,2822.39539009859,242.9519714228645,0,
TXT-00150,505,2831.271102790931,236.8573764111518,0,
TXT-00151,506,2873.117971721026,255.1972121044638,0,
TXT-00152,507,2915.154994544784,255.1972121044638,0,
TXT-00153,503,2903.852023828095,245.545217272107,0,
TXT-00154,508,2957.953986362682,255.1125488828926,0,
TXT-00155,503,2935.919107958575,51.0986890739122,0,
TXT-00156,SSG,939.433858974031,35.03463814523485,0,
TXT-00157,SM,939.433858974031,38.42144692209032,0,
TXT-00158,07/03/2025,930.2984144831007,47.48123185899522,0,
TXT-00159,07/03/2025,931.2962258410964,38.42183752324846,0,
TXT-00160,07/03/2025,931.2962258410964,35.12020705011156,0,
TXT-00161,SM,939.4338159103374,47.48075613975524,0,
TXT-00162,SSG,1451.441602610962,35.11930136680603,0,
TXT-00163,SM,1451.441602610962,38.5061101436615,0,
TXT-00164,07/03/2025,1442.306158120031,47.5658950805664,0,
TXT-00165,07/03/2025,1443.303969478027,38.50650074481963,0,
TXT-00166,07/03/2025,1443.303969478027,35.20487027168274,0,
TXT-00167,SM,1451.441559547268,47.56541936132641,0,
TXT-00168,SSG,1950.046791414401,35.20400765207079,0,
TXT-00169,SM,1950.046791414401,38.59081642892626,0,
TXT-00170,07/03/2025,1940.911346923471,47.65060136583115,0,
TXT-00171,07/03/2025,1941.909158281466,38.59120703008439,0,
TXT-00172,07/03/2025,1941.909158281466,35.2895765569475,0,
TXT-00173,SM,1950.046748350707,47.65012564659118,0,
TXT-00174,SSG,2480.292362323491,35.28869240548875,0,
TXT-00175,SM,2480.292362323491,38.67550118234422,0,
TXT-00176,07/03/2025,2471.156917832561,47.73528611924912,0,
TXT-00177,07/03/2025,2472.154729190557,38.67589178350236,0,
TXT-00178,07/03/2025,2472.154729190557,35.37426131036546,0,
TXT-00179,SM,2480.292319259798,47.73481040000914,0,
TXT-00180,SSG,3071.660836817224,39.90303176773919,0,
TXT-00181,SM,3071.660836817224,43.28984054459465,0,
TXT-00182,07/03/2025,3062.525392326294,52.34962548149955,0,
TXT-00183,07/03/2025,3063.523203684289,43.29023114575279,0,
TXT-00184,07/03/2025,3063.523203684289,39.9886006726159,0,
TXT-00185,SM,3071.66079375353,52.34914976225958,0,
TXT-00186,SSG,3554.915004359855,39.98773805300395,0,
TXT-00187,SM,3554.915004359855,43.37454682985941,0,
TXT-00188,07/03/2025,3545.779559868925,52.43433176676432,0,
TXT-00189,07/03/2025,3546.77737122692,43.37493743101755,0,
TXT-00190,07/03/2025,3546.77737122692,40.07330695788065,0,
TXT-00191,SM,3554.914961296161,52.43385604752433,0,
TXT-00192,SSG,4048.438546776283,40.07240127457513,0,
TXT-00193,SM,4048.438546776283,43.45921005143059,0,
TXT-00194,07/03/2025,4039.303102285352,52.5189949883355,0,
TXT-00195,07/03/2025,4040.300913643348,43.45960065258873,0,
TXT-00196,07/03/2025,4040.300913643348,40.15797017945184,0,
TXT-00197,SM,4048.438503712589,52.51851926909552,0,
TXT-00198,SSG,4537.622085087127,40.15710755983988,0,
TXT-00199,SM,4537.622085087127,43.54391633669535,0,
TXT-00200,07/03/2025,4528.486640596196,52.60370127360026,0,
TXT-00201,07/03/2025,4529.484451954192,43.54430693785348,0,
TXT-00202,07/03/2025,4529.484451954192,40.24267646471659,0,
TXT-00203,SM,4537.622042023433,52.60322555436028,0,
TXT-00204,TANK,1163.386594225384,19.10464907641348,0,
TXT-00205,SINGLE TUBE REACTOR,1710.065530400921,19.98140309651692,0,
TXT-00206,SKID MOUNTED SINGLE TUBE REACTOR UNIT,874.9060178619384,8.02263666987419,0,
TXT-00207,SKID MOUNTED SINGLE TUBE REACTOR UNIT,1386.913739967022,7.93795191645616,0,
TXT-00208,SKID MOUNTED SINGLE TUBE REACTOR UNIT,1885.518950302308,8.192006176710128,0,
TXT-00209,SKID MOUNTED SINGLE TUBE REACTOR UNIT,2415.764521211399,7.937951916456222,0,
TXT-00210,SKID MOUNTED SINGLE TUBE REACTOR UNIT,3007.132995705131,12.89105182422532,0,
TXT-00211,SKID MOUNTED SINGLE TUBE REACTOR UNIT,3490.387163247762,12.97573657764329,0,
TXT-00212,SKID MOUNTED SINGLE TUBE REACTOR UNIT,3983.910727196038,13.06042133106126,0,
TXT-00213,SKID MOUNTED SINGLE TUBE REACTOR UNIT,4473.094243975034,13.14510608447922,0,
TXT-00214,JACKETED TUBE REACTOR,2218.785190717025,15.7804019415799,0,
TXT-00215,THY - 400,2298.639655140869,19.09310692548752,0,
TXT-00216,THERMOSYPHON ARRANGMENT,2298.639655140869,15.7804019415799,0,
TXT-00217,THY - 400,2275.051737948306,142.8201014314356,0,
TXT-00218,PRODUCT STORAGE TANK,2851.584016507267,27.69869429932379,0,
TXT-00219,KNOCKOUT POT,3331.493814543062,21.20701868473033,0,
TXT-00220,SYMBOL,4734.084013448813,264.3218841412458,0,
TXT-00221,DESCRIPTION,4687.418121751424,264.3218841412458,0,
TXT-00222,1.,4663.535505861384,257.3128727491994,0,
TXT-00223,Sr. #,4660.811684007163,264.536832810359,0,
TXT-00224,MAIN PROCESS LINE,4675.197559249563,256.8639301838087,0,
TXT-00225,4.,4663.578969545231,235.392370703883,0,
TXT-00226,3.,4663.578969545231,242.8062544905888,0,
TXT-00227,2.,4663.578969545231,249.5491067107482,0,
TXT-00228,7.,4663.578969545231,214.0454280991702,0,
TXT-00229,6.,4663.578969545231,221.0119575081593,0,
TXT-00230,5.,4663.578969545231,228.2021641060211,0,
TXT-00231,9.,4663.578969545231,199.664943939881,0,
TXT-00232,8.,4663.578969545231,206.6314733488844,0,
TXT-00233,12.,4663.578969545231,177.8706469574658,0,
TXT-00234,11.,4663.578969545231,185.2845307441573,0,
TXT-00235,10.,4663.578969545231,192.4747373420192,0,
TXT-00236,13.,4663.578969545231,170.4567631707599,0,
TXT-00237,4-WAY BALL VALVE,4675.327867327882,170.0078206053693,0,
TXT-00238,3-WAY BALL VALVE,4675.327867327882,177.4217043920751,0,
TXT-00239,BALL VALVE,4675.327867327882,184.8355881787666,0,
TXT-00240,ANGLE VALVE,4675.327867327882,192.0257947766285,0,
TXT-00241,GATE VALVE,4675.327867327882,199.2160013744903,0,
TXT-00242,SOFTWARE OR DATA LINK,4675.327867327882,206.1825307834937,0,
TXT-00243,CAPILLARY TUBE,4675.327867327882,213.5964855337796,0,
TXT-00244,ELECTRICAL SIGNAL,4675.327867327882,220.5630149427686,0,
TXT-00245,PNEUMATIC SIGNAL,4675.327867327882,227.7532215406305,0,
TXT-00246,INSTRUMENT SUPPLY,4675.327867327882,234.9434281384923,0,
TXT-00247,ELECTRICAL HEAT TRACED,4675.327867327882,242.3573119251982,0,
TXT-00248,SECONDARY PROCESS LINE,4675.327867327882,249.1001641453575,0,
TXT-00249,GLOBE VALVE,4675.587284259479,162.5397824740826,0,
TXT-00250,27.,4761.505946042369,257.0194476429815,0,
TXT-00251,PRESSURE TRANSMITTER,4772.55718641433,246.6280216957917,0,
TXT-00252,14.,4663.578969545231,163.2429609397565,0,
TXT-00253,METERING VALVE,4675.587284259479,148.1121780120757,0,
TXT-00254,15.,4663.578969545231,148.8153564777495,0,
TXT-00255,16.,4663.578969545231,134.3877520157426,0,
TXT-00256,NEEDLE VALVE,4675.279087121711,133.6845735500687,0,
TXT-00257,17.,4663.578969545231,119.9601475537357,0,
TXT-00258,BUTTERFLY VALVE,4675.279087121711,119.2569690880618,0,
TXT-00259,NON RETURN VALVE,4675.279087121711,112.0431668570584,0,
TXT-00260,18.,4663.578969545231,112.7463453227322,0,
TXT-00261,PRESSURE REDUCING REGULATOR (SC),4675.279087121711,104.8293646260549,0,
TXT-00262,19.,4663.578969545231,105.5325430917288,0,
TXT-00263,BACK PRESSURE REGULATOR (SC),4675.279087121711,97.61556239505146,0,
TXT-00264,20.,4663.578969545231,98.31874086072531,0,
TXT-00265,21.,4663.578969545231,83.89113639871837,0,
TXT-00266,VACUUM RELIEF RUPTURE DISK,4675.279087121711,83.18795793304452,0,
TXT-00267,PRESSURE RELIEF RUPTURE DISK,4675.279087121711,68.76035347103758,0,
TXT-00268,22.,4663.578969545231,69.46353193671145,0,
TXT-00269,23.,4663.578969545231,55.0359274747045,0,
TXT-00270,PRESSURE RELIEF OR SAFETY VALVE (STRAIGHT),4675.279087121711,54.33274900903064,0,
TXT-00271,24.,4663.578969545231,40.60832301269757,0,
TXT-00272,PRESSURE RELIEF OR SAFETY VALVE,4675.279087121711,39.90514454702372,0,
TXT-00273,VACUUM RELIEF OR SAFETY VALVE,4672.833044427134,32.69134231602025,0,
TXT-00274,25.,4663.578969545231,33.3945207816941,0,
TXT-00275,26.,4663.578969545231,18.96691631968717,0,
TXT-00276,SYMBOL,4832.764013448814,264.3218841412458,0,
TXT-00277,DESCRIPTION,4786.098121751424,264.3218841412458,0,
TXT-00278,Sr. #,4759.491684007164,264.536832810359,0,
TXT-00279,METERING PUMP,4772.55718641433,256.8861254193051,0,
TXT-00280,28.,4761.34895609761,246.5650648364122,0,
TXT-00281,TEMPERATURE ELEMENT (SURFACE MOUNTED),4772.55718641433,234.9290983845805,0,
TXT-00282,29.,4761.505946042369,235.3780409499712,0,
TXT-00283,30.,4761.505946042369,220.9504364879642,0,
TXT-00284,TEMPERATURE ELEMENT (INTERNAL),4772.55718641433,220.5014939225736,0,
TXT-00285,LEVEL SWITCH,4772.234701252801,191.6462849985597,0,
TXT-00286,32.,4761.505946042369,192.0952275639504,0,
TXT-00287,LEVEL TRANSMITTER,4772.234701252801,177.2186805365527,0,
TXT-00288,33.,4761.505946042369,177.6676231019434,0,
TXT-00289,FLOW ELEMENT (WRITE TYPE ADJACENT TO SYMBOL),4772.234701252801,162.7910760745458,0,
TXT-00290,34.,4761.505946042369,163.2400186399365,0,
TXT-00291,35.,4761.505946042369,156.026216408933,0,
TXT-00292,FLOW INDICATOR,4772.234701252801,155.5772738435424,0,
TXT-00293,37.,4761.505946042369,134.2056209713553,0,
TXT-00294,SKID MOUNTED ANALOG INSTRUMENT,4772.234701252801,134.3186239225547,0,
TXT-00295,38.,4761.505946042369,126.867970688315,0,
TXT-00296,SKID MOUNTED COMPUTER FUNCTION INSTRUMENT,4771.769670729114,126.8711593908979,0,
TXT-00297,(FOR SMALL INSTALLATION),4771.769670729114,123.8668454736959,0,
TXT-00298,39.,4761.505946042369,112.8722889194637,0,
TXT-00299,SKID MOUNTED DISTRIBUTED CONTROL FUNCTION,4771.769670729114,112.4435549288909,0,
TXT-00300,(FOR SMALL INSTALLATION),4771.769670729114,109.4720971469808,0,
TXT-00301,40.,4761.505946042369,97.58083907114576,0,
TXT-00302,(FOR SMALL INSTALLATION),4771.769670729114,95.0444926849739,0,
TXT-00303,SKID MOUNTED PLC INSTRUMENT,4771.769670729114,98.01595046688404,0,
TXT-00304,PANEL MOUNTED ANALOG INSTRUMENT,4771.769670729114,83.5883460048771,0,
TXT-00305,41.,4761.505946042369,83.72913127291162,0,
TXT-00306,PANEL MOUNTED COMPUTER FUNCTION INSTRUMENT,4771.769670729114,69.16074154287016,0,
TXT-00307,42.,4761.505946042369,69.44550156282554,0,
TXT-00308,PANEL MOUNTED DISTRIBUTED CONTROL FUNCTION,4771.769670729114,54.73313708086326,0,
TXT-00309,43.,4761.505946042369,55.01789631951488,0,
TXT-00310,PANEL MOUNTED PLC INSTRUMENT,4771.769670729114,40.3055326188563,0,
TXT-00311,44.,4761.505946042369,40.60538071287759,0,
TXT-00312,FLEXIBLE HOSE,4870.449670729115,83.57372254131819,0,
TXT-00313,PANEL MOUNTED INACCESSIBLE INSTRUMENT,4771.769670729114,33.09173038785284,0,
TXT-00314,45.,4761.505946042369,33.39157848187413,0,
TXT-00315,PANEL MOUNTED INACCESSIBLE INSTRUMENT,4771.769670729114,18.6641259258459,0,
TXT-00316,46.,4761.505946042369,18.96397401986719,0,
TXT-00317,TEE TYPE FILTER,4870.449670729115,98.01595046688404,0,
TXT-00318,58.,4860.18594604237,98.31579856090534,0,
TXT-00319,59.,4860.18594604237,83.8881940988984,0,
TXT-00320,PANEL MOUNTED INACCESSIBLE INSTRUMENT,4870.449670729115,256.4349677253308,0,
TXT-00321,47.,4860.18594604237,256.734815819352,0,
TXT-00322,48.,4859.842539084005,242.5536153741961,0,
TXT-00323,PANEL MOUNTED INACCESSIBLE INSTRUMENT,4870.6414044302,242.2537672801748,0,
TXT-00324,AUXILIARY LOCATION MOUNTED,4870.562512692397,227.8276650976902,0,
TXT-00325,50.,4860.18594604237,213.7366342569608,0,
TXT-00326,Sr. #,4858.171684007164,264.536832810359,0,
TXT-00327,DESCRIPTION,4884.778121751423,264.3218841412458,0,
TXT-00328,SYMBOL,4931.444013448814,264.3218841412458,0,
TXT-00329,51.,4860.18594604237,199.3090297949538,0,
TXT-00330,AUXILIARY LOCATION MOUNTED,4871.23718641433,213.2876916915701,0,
TXT-00331,AUXILIARY LOCATION MOUNTED INSTRUMENT,4871.23718641433,198.8600872295632,0,
TXT-00332,52.,4860.18594604237,184.8814253329469,0,
TXT-00333,AUXILIARY LOCATION MOUNTED INSTRUMENT,4871.23718641433,184.4324827675562,0,
TXT-00334,53.,4860.18594604237,170.45382087094,0,
TXT-00335,54.,4860.18594604237,156.026216408933,0,
TXT-00336,AUXILIARY LOCATION MOUNTED INSTRUMENT,4871.23718641433,170.0048783055493,0,
TXT-00337,55.,4860.18594604237,141.5986119469261,0,
TXT-00338,AUXILIARY LOCATION MOUNTED INSTRUMENT,4871.23718641433,155.5772738435424,0,
TXT-00339,56.,4860.18594604237,127.1710074849192,0,
TXT-00340,AUXILIARY LOCATION MOUNTED INSTRUMENT,4871.23718641433,141.1496693815354,0,
TXT-00341,AUXILIARY LOCATION MOUNTED INSTRUMENT,4871.23718641433,126.7220649195285,0,
TXT-00342,57.,4860.18594604237,112.7434030229122,0,
TXT-00343,INLINE FILTER,4871.23718641433,112.2944604575216,0,
TXT-00344,BALL VALVE,4969.91718641433,242.5293616249902,0,
TXT-00345,A.,4958.86594604237,249.8056454119781,0,
TXT-00346,NEEDLE VALVE,4969.91718641433,235.3155593939867,0,
TXT-00347,1.,4958.86594604237,242.5918431809746,0,
TXT-00348,THREE WAY BALL VALVE,4969.91718641433,228.1017571629832,0,
TXT-00349,2.,4958.86594604237,235.3780409499712,0,
TXT-00350,NON RETURN VALVE,4969.91718641433,220.8879549319798,0,
TXT-00351,3.,4958.86594604237,228.1642387189677,0,
TXT-00352,FILTER,4969.91718641433,213.6741527009763,0,
TXT-00353,4.,4958.86594604237,220.9504364879644,0,
TXT-00354,STRAINER,4969.91718641433,206.9281347604884,0,
TXT-00355,5.,4958.86594604237,213.7366342569609,0,
TXT-00356,THERMOCOUPLE OR RTD,4969.91718641433,191.8037218494828,0,
TXT-00357,6.,4958.86594604237,206.5228320259574,0,
TXT-00358,PRESSURE TRANSMITTER,4969.91718641433,184.5899196184794,0,
TXT-00359,B.,4958.86594604237,199.309029794954,0,
TXT-00360,FLOW TRANSMITTER,4969.91718641433,170.2499503845544,0,
TXT-00361,1.,4958.86594604237,192.0952275639505,0,
TXT-00362,2.,4958.86594604237,184.881425332947,0,
TXT-00363,PRESSURE DIFFERENTIAL TRANSMITTER,4969.91718641433,163.0298117060191,0,
TXT-00364,LEVEL TRANSMITTER,4969.91718641433,155.8160094750157,0,
TXT-00365,3.,4958.86594604237,170.4538208709401,0,
TXT-00366,4.,4958.86594604237,163.2400186399366,0,
TXT-00367,WEIGHT TRANSMITTER,4969.91718641433,148.8323504886942,0,
TXT-00368,5.,4958.86594604237,156.0262164089331,0,
TXT-00369,TEMPERATURE INDICATING CONTROLLER,4969.91718641433,133.8792337583288,0,
TXT-00370,6.,4958.86594604237,148.8124141779296,0,
TXT-00371,FLOW INDICATING CONTROLLER,4969.91718641433,126.6654315273254,0,
TXT-00372,LEVEL INDICATING CONTROLLER,4969.91718641433,119.4516292963219,0,
TXT-00373,C.,4958.86594604237,141.5986119469262,0,
TXT-00374,PRESSURE INDICATING CONTROLLER,4969.91718641433,112.2378270653186,0,
TXT-00375,1.,4958.86594604237,134.3848097159227,0,
TXT-00376,2.,4958.86594604237,127.2853805166576,0,
TXT-00377,31.,4761.505946042369,206.5228320259573,0,
TXT-00378,LEVEL GLASS,4772.55718641433,206.0738894605667,0,
TXT-00379,Sr. #,4956.851684007162,264.536832810359,0,
TXT-00380,DESCRIPTION,4983.458121751424,264.3218841412458,0,
TXT-00381,SYMBOL,5030.124013448815,264.3218841412458,0,
TXT-00382,3.,4958.86594604237,119.9572052539158,0,
TXT-00383,49.,4860.18594604237,228.1642387189677,0,
TXT-00384,COMPRESSOR,4672.833044427134,18.26373785401331,0,
TXT-00385,SELF-CONTAINED MASS FLOW CONTROLLER,4772.234701252801,144.4888895305039,0,
TXT-00386,36.,4761.505946042369,144.6018924817033,0,
TXT-00387,4.,4958.86594604237,112.7434030229122,0,
TXT-00388,ANALOG,4771.769670729114,30.20443435312262,0,
TXT-00389,COMPUTER FUNCTION,4771.769670729114,15.45782493812585,0,
TXT-00390,DISTRIBUTED CONTROL FUNCTION,4870.449670729115,252.9515240695414,0,
TXT-00391,PLC,4870.717038220245,239.2424845967755,0,
TXT-00392,INACCESSIBLE ANALOG INSTRUMENT,4870.449670729115,225.0565873514455,0,
TXT-00393,INACCESSIBLE COMPUTER FUNCTION INSTRUMENT,4871.264881387862,210.6052579575042,0,
TXT-00394,INACCESSIBLE DISTRIBUTED CONTROL FUNCTION,4871.17675841204,196.4418812267069,0,
TXT-00395,INACCESSIBLE PLC,4871.265220127348,182.0348810248435,0,
TXT-00396,ANALOG,4871.264504109155,166.7705589572699,0,
TXT-00397,COMPUTER FUNCTION,4871.336746896746,152.2418674845943,0,
TXT-00398,DISTRIBUTED CONTROL FUNCTION,4871.264351980642,138.4488056942052,0,
TXT-00399,PLC,4871.264351980642,124.1040218702541,0,
TXT-00400,BV,5034.921879643516,243.1768138178988,0,
TXT-00401,NV,5034.921879643516,235.9015008538576,0,
TXT-00402,TV,5034.921879643516,228.6936296363998,0,
TXT-00403,NRV,5034.921879643516,221.3301306635092,0,
TXT-00404,F,5034.921879643516,214.1735853431839,0,
TXT-00405,S,5034.921879643516,207.3391999029255,0,
TXT-00406,TE,5034.921879643516,192.3876184961711,0,
TXT-00407,PT,5034.921879643516,185.1444305313715,0,
TXT-00408,FT,5034.921879643516,171.6688986163991,0,
TXT-00409,PDT,5034.921879643516,163.8140426677692,0,
TXT-00410,WT,5034.921879643516,149.2631226855054,0,
TXT-00411,TIC,5034.921879643516,134.4965106005596,0,
TXT-00412,FIC,5034.921879643516,128.1471465286635,0,
TXT-00413,LIC,5034.921879643516,120.1072557261504,0,
TXT-00414,PIC,5034.921879643516,113.1405921127727,0,
TXT-00415,LT,5034.921879643516,155.662055050684,0,
TXT-00416,MISCELLANEOUS,4985.808986462862,249.6359168943212,0,
TXT-00417,TYPICAL IDENTIFICATION TAGS,4978.960497008968,257.1050518913409,0,
TXT-00418,SENSORS,4989.038211943086,199.086264830007,0,
TXT-00419,INDICATING CONTROLLER,4979.743429205755,141.9919261443384,0,
TXT-00420,SSG,5048.203455979028,35.78369587835051,0,
TXT-00421,N,5044.669311709286,12.42989628940991,0,
TXT-00422,T,5045.893709970797,12.42989628940991,0,
TXT-00423,S,5046.888509232221,12.42989628940991,0,
TXT-00424,07/03/2025,5041.093402038077,38.99529978833843,0,
TXT-00425,10,5038.353589332825,19.55434792398229,0,
TXT-00426,:,4994.483446953921,28.13334390589018,0,
TXT-00427,CHECKED,5031.496737040626,34.3332656691702,0,
TXT-00428,S,5048.714720697876,38.78649264613994,0,
TXT-00429,M,5049.54929885677,38.78649264613994,0,
TXT-00430,07/03/2025,5041.093402038077,36.0291087376215,0,
TXT-00431,10,5044.113334662614,19.55434792398229,0,
TXT-00432,THERMAX LIMITED,4989.022379189522,20.64464366690192,0,
TXT-00433,10,4532.760852542778,21.73032768946384,0,
TXT-00434,10,4043.577314231935,21.64563559973997,0,
TXT-00435,10,3550.053771815508,21.56095818262791,0,
TXT-00436,10,3066.841957415508,21.47627342920994,0,
TXT-00437,10,2475.47346138993,16.86191253511271,0,
TXT-00438,10,1945.185558870053,16.77722778169474,0,
TXT-00439,10,1446.538016923981,16.69254302827678,0,
TXT-00440,10,934.5726264296832,16.60785827485881,0,
TXT-00441,( SAMPLE HANDLING SYSTEM 1 ),3990.298354477832,10.93028837714657,0,
TXT-00442,( HP & LP HEADER ),4485.497903346078,11.01497313056454,0,
TXT-00443,LT,4836.306953480215,179.4275654023254,0,
TXT-00444,SKID MOUNTED SINGLE TUBE REACTOR UNIT,4988.327604327913,12.13451905625962,0,
TXT-00445,(LEGEND SHEET),5000.731263698956,10.00438610234494,0,
TXT-00446,GSP-1,1250.751344597965,205.6671067012107,0,
TXT-00447,GSP-2,1774.967087437798,120.5480927824814,0,
TXT-00448,GSP-3,2179.984384101946,93.70836678780525,0,
TXT-00449,LSP-1,2847.495309549991,166.9058335987097,0,
TXT-00450,501,2914.189979979002,77.64548526513005,0,
TXT-00451,501,2904.343113044997,77.43818280336154,0,
TXT-00452,GSP-1,3180.158414561862,40.29640828849349,0,
TXT-00453,GSP-2,3180.112897435992,233.2616148961119,0,
TXT-00454,GSP-3,3672.876900696135,233.6488108580952,0,
TXT-00455,,344.2119037586734,51.42295102062028,0,
TXT-00456,28/03/2025,4528.486640596196,55.57437618360537,0,
TXT-00457,28/03/2025,4039.303102285352,55.54285680009842,0,
TXT-00458,28/03/2025,3545.729966589592,55.4241720502766,0,
TXT-00459,28/03/2025,3062.525392326294,55.55501418228712,0,
TXT-00460,SM,3071.66079375353,55.50523228007627,0,
TXT-00461,28/03/2025,2471.156917832561,50.73050209837005,0,
TXT-00462,SM,2480.292319259798,50.68072019615919,0,
TXT-00463,28/03/2025,1940.911346923471,50.69613658554294,0,
TXT-00464,SM,1950.046748350707,50.64635468333207,0,
TXT-00465,28/03/2025,1442.306158120031,50.41500559443284,0,
TXT-00466,SM,1451.441559547268,50.36522369222198,0,
TXT-00467,28/03/2025,930.2984144831007,50.33486619033919,0,
TXT-00468,SM,939.4338159103371,50.28508428812833,0,
TXT-00469,SM,3554.914961296161,55.41470946501336,0,
TXT-00470,SM,4048.438503712589,55.45876081600333,0,
TXT-00471,SM,4537.622042023433,55.62015112586522,0,
TXT-00472,110,694.7684620124342,120.2388105738403,0,
TXT-00473,109,681.7991436659656,120.2388105738403,0,
TXT-00474,201,1097.717168187476,65.24127522486441,0,
TXT-00475,201,1106.850251339062,65.56883305941494,0,
TXT-00476,501,2861.054653042702,247.7248854141679,0,
TXT-00477,101,657.8950381466617,225.2453350446305,0,
TXT-00478,101,673.5150831901631,225.2453350446305,0,
TXT-00479,101,657.9364139631169,211.7409890160939,0,
TXT-00480,101,673.5150819216944,211.7409890160939,0,
TXT-00481,203,1208.449435273943,259.0944785978348,0,
TXT-00482,213,1262.148297787007,271.0603927612305,0,
TXT-00483,216,1193.06237126579,259.4204698734146,0,
TXT-00484,NOTE 1.,1333.055730576691,258.6628000311663,0,
TXT-00485,1. SLOPE OF LINE TO BE TOWARDS HE-200,1385.997777722908,282.6620856041223,0,HE-200
TXT-00486,214,1140.115227179477,153.6218726885708,0,
TXT-00487,204,1141.092326179148,141.8338185541611,0,
TXT-00488,215,1158.260905811644,105.5961217164552,0,
TXT-00489,205,1176.70025213263,64.77511083234776,0,
TXT-00490,201,1178.104976456505,78.70159122693192,0,
TXT-00491,201,1184.117594033719,78.6676216361002,0,
TXT-00492,201,1193.967679819155,70.09167844436325,0,
TXT-00493,201,1194.110352100648,66.78643725643754,0,
TXT-00494,201,1205.305453585931,70.67151864009243,0,
TXT-00495,30/04/2025,930.2984575467942,53.39532515561259,0,
TXT-00496,SM,939.4338589740307,53.34554325340173,0,
TXT-00497,30/04/2025,1442.306179651878,53.56469466244853,0,
TXT-00498,SM,1451.441581079115,53.51491276023766,0,
TXT-00499,30/04/2025,1940.911389987164,53.69171102665209,0,
TXT-00500,SM,1950.046791414401,53.64192912444122,0,
TXT-00501,30/04/2025,2471.156960896255,53.77639578007006,0,
TXT-00502,SM,2480.292362323491,53.72661387785919,0,
TXT-00503,30/04/2025,3062.525435389988,58.39075667416727,0,
TXT-00504,SM,3071.660836817224,58.34097477195641,0,
TXT-00505,30/04/2025,3545.779602932618,58.47544142758525,0,
TXT-00506,SM,3554.915004359855,58.42565952537438,0,
TXT-00507,30/04/2025,4039.303166880894,58.56012618100321,0,
TXT-00508,SM,4048.43856830813,58.51034427879235,0,
TXT-00509,30/04/2025,4528.48668365989,58.64481093442118,0,
TXT-00510,SM,4537.622085087127,58.59502903221032,0,
TXT-00511,201,1162.583136271893,76.05194722781623,0,
TXT-00512,1. SLOPE OF LINE TO BE TOWARDS R-300.,1885.243230088657,269.3629749677548,0,R-300
TXT-00513,"2. WHEN R-300 IS INLINE, R-400 WILL BE DISCONNECTED AND VICE VERSA.",1885.243230088657,259.3251364611426,0,R-300|R-400
TXT-00514,NOTE 1.,1763.994170957049,212.1725293941592,0,
TXT-00515,NOTE 2.,1682.788661542337,155.6118012376373,0,
TXT-00516,NOTE 1.,2172.150418652774,210.6725293941593,0,
TXT-00517,NOTE 3.,2338.476629816748,74.35146572772885,0,
TXT-00518,NOTE 2.,2182.32075977166,139.7492488720678,0,
TXT-00519,1. SLOPE OF LINE TO BE TOWARDS R-400.,2415.488800997748,269.3629749677548,0,R-400
TXT-00520,"2. WHEN R-300 IS INLINE, R-400 WILL BE DISCONNECTED AND VICE VERSA.",2415.488800997748,259.3251364611426,0,R-300|R-400
TXT-00521,3. EQUILLIBAR WITH PILOT.,2415.488800997748,252.1650122970229,0,
TXT-00522,101,681.4849026964924,177.4932517249698,0,
TXT-00523,I-1,263.3837078888564,271.1167198661042,0,
TXT-00524,I-2,264.607470513552,229.8088599466891,0,
TXT-00525,I-3,262.9595903235513,173.3532792449112,0,
TXT-00526,I-4,263.3725157317699,119.764672100627,0,
TXT-00527,I-5,1303.741359889727,291.077780960003,0,
TXT-00528,I-6,1093.655859061317,78.97323368548498,0,
TXT-00529,I-7,1310.15723173975,166.0970209225232,0,
TXT-00530,I-8,1326.446998136452,255.7097191511316,0,
TXT-00531,I-9,1746.692945055837,86.71473032775693,0,
TXT-00532,I-10,1740.502857451496,248.1462656123366,0,I-10
TXT-00533,I-11,2148.553287596943,248.1332327270523,0,I-11
TXT-00534,I-12,2155.76795677056,72.18198748143396,0,I-12
TXT-00535,I-13,2828.439944858537,262.0360069301509,0,I-13
TXT-00536,I-14,2837.081330380623,206.0553734416119,0,I-14
TXT-00537,H,2148.346821423398,151.146099036082,0,
TXT-00538,402,2188.553416787663,245.6745004480872,0,
TXT-00539,VACUUM,2388.198836476918,227.9621292171518,0,
TXT-00540,"3/4""/SS 316",2166.743507347262,151.4343933093108,0,
TXT-00541,"3/4""/SS 316",2194.9716343452,160.5312899856047,0,
TXT-00542,"3/4""/SS 316",2166.743507347262,198.0010815078243,0,
TXT-00543,"1""/ SS 316",2182.970184281712,205.2899098859134,0,
TXT-00544,"3/4""/SS 316",2231.281596999806,263.0032049307537,0,
TXT-00545,"3/4""/SS 316",2226.992889759173,190.6592015076803,0,
TXT-00546,1LTR.,2190.102960426079,195.2645189955201,0,
TXT-00547,5LTR.,2190.102960426079,214.5850967890716,0,
TXT-00548,1LTR.,2190.102960426079,148.6978307970066,0,
TXT-00549,00,871.5214775687303,47.21014523506164,0,
TXT-00550,FOR APPROVAL,896.9245880929602,47.05223159702564,0,
TXT-00551,01,871.5214775687303,50.20140162466431,0,
TXT-00552,REVISED AS PER CLIENTS COMMENTS,887.2508726428431,51.59718767835831,0,
TXT-00553,02,871.5214775687303,53.29175993493993,0,
TXT-00554,SPL/2024-25/P-47/PID/R5,920.3990992690815,20.60506013225253,0,P-47
TXT-00555,5,941.6724461254835,15.56496739879393,0,
TXT-00556,REVISED AS PER HAZOP REVIEW,889.0400679962013,54.85809933493288,0,
TXT-00557,03,871.5214775687303,56.46675993493992,0,
TXT-00558,INTERLOCK ID MARKED & THY-400 LOOP UPDATED,881.4547714726513,58.06599344507503,0,
TXT-00559,00,1383.529199673814,47.21014523506162,0,
TXT-00560,FOR APPROVAL,1408.932310198044,47.05223159702561,0,
TXT-00561,01,1383.529199673814,50.20140162466429,0,
TXT-00562,REVISED AS PER CLIENTS COMMENTS,1399.258594747927,51.59718767835829,0,
TXT-00563,02,1383.529199673814,53.2917599349399,0,
TXT-00564,SPL/2024-25/P-47/PID/R5,1432.406821374165,20.60506013225251,0,P-47
TXT-00565,5,1453.680168230567,15.56496739879391,0,
TXT-00566,REVISED AS PER HAZOP REVIEW,1401.047790101285,54.85809933493285,0,
TXT-00567,03,1383.529199673814,56.4667599349399,0,
TXT-00568,INTERLOCK ID MARKED & THY-400 LOOP UPDATED,1393.462493577735,58.06599344507501,0,
TXT-00569,00,1882.1344100091,47.46419949531555,0,
TXT-00570,FOR APPROVAL,1907.53752053333,47.30628585727955,0,
TXT-00571,01,1882.1344100091,50.45545588491822,0,
TXT-00572,REVISED AS PER CLIENTS COMMENTS,1897.863805083213,51.85124193861222,0,
TXT-00573,02,1882.1344100091,53.54581419519383,0,
TXT-00574,SPL/2024-25/P-47/PID/R5,1931.012031709451,20.85911439250644,0,P-47
TXT-00575,5,1952.285378565853,15.81902165904784,0,
TXT-00576,REVISED AS PER HAZOP REVIEW,1899.653000436571,55.11215359518678,0,
TXT-00577,03,1882.1344100091,56.72081419519383,0,
TXT-00578,INTERLOCK ID MARKED & THY-400 LOOP UPDATED,1892.067703913021,58.32004770532894,0,
TXT-00579,00,2412.379980918191,47.54888424873352,0,
TXT-00580,FOR APPROVAL,2437.783091442421,47.39097061069752,0,
TXT-00581,01,2412.379980918191,50.54014063833619,0,
TXT-00582,REVISED AS PER CLIENTS COMMENTS,2428.109375992304,51.93592669203018,0,
TXT-00583,02,2412.379980918191,53.6304989486118,0,
TXT-00584,SPL/2024-25/P-47/PID/R5,2461.257602618542,20.94379914592441,0,P-47
TXT-00585,5,2482.530949474944,15.90370641246581,0,
TXT-00586,REVISED AS PER HAZOP REVIEW,2429.898571345662,55.19683834860476,0,
TXT-00587,03,2412.379980918191,56.80549894861179,0,
TXT-00588,INTERLOCK ID MARKED & THY-400 LOOP UPDATED,2422.313274822112,58.40473245874691,0,
TXT-00589,00,3003.748455411923,52.16324514283074,0,
TXT-00590,FOR APPROVAL,3029.151565936153,52.00533150479474,0,
TXT-00591,01,3003.748455411923,55.15450153243341,0,
TXT-00592,REVISED AS PER CLIENTS COMMENTS,3019.477850486036,56.55028758612741,0,
TXT-00593,02,3003.748455411923,58.24485984270902,0,
TXT-00594,SPL/2024-25/P-47/PID/R5,3052.626077112274,25.55816004002163,0,P-47
TXT-00595,5,3073.899423968676,20.51806730656303,0,
TXT-00596,REVISED AS PER HAZOP REVIEW,3021.267045839394,59.81119924270197,0,
TXT-00597,03,3003.748455411923,61.41985984270902,0,
TXT-00598,INTERLOCK ID MARKED & THY-400 LOOP UPDATED,3013.681749315844,63.01909335284413,0,
TXT-00599,00,3487.002622954554,52.2479298962487,0,
TXT-00600,FOR APPROVAL,3512.405733478785,52.0900162582127,0,
TXT-00601,01,3487.002622954554,55.23918628585137,0,
TXT-00602,REVISED AS PER CLIENTS COMMENTS,3502.732018028667,56.63497233954537,0,
TXT-00603,02,3487.002622954554,58.32954459612699,0,
TXT-00604,SPL/2024-25/P-47/PID/R5,3535.880244654906,25.6428447934396,0,P-47
TXT-00605,5,3557.153591511307,20.602752059981,0,
TXT-00606,REVISED AS PER HAZOP REVIEW,3504.521213382025,59.89588399611995,0,
TXT-00607,03,3487.002622954554,61.50454459612699,0,
TXT-00608,INTERLOCK ID MARKED & THY-400 LOOP UPDATED,3496.935916858475,63.1037781062621,0,
TXT-00609,00,3980.52618690283,52.33261464966668,0,
TXT-00610,FOR APPROVAL,4005.929297427059,52.17470101163067,0,
TXT-00611,01,3980.52618690283,55.32387103926935,0,
TXT-00612,REVISED AS PER CLIENTS COMMENTS,3996.255581976943,56.71965709296334,0,
TXT-00613,02,3980.52618690283,58.41422934954496,0,
TXT-00614,SPL/2024-25/P-47/PID/R5,4029.403808603181,25.72752954685757,0,P-47
TXT-00615,5,4050.677155459583,20.68743681339897,0,
TXT-00616,REVISED AS PER HAZOP REVIEW,3998.044777330301,59.98056874953792,0,
TXT-00617,03,3980.52618690283,61.58922934954496,0,
TXT-00618,INTERLOCK ID MARKED & THY-400 LOOP UPDATED,3990.459480806751,63.18846285968007,0,
TXT-00619,00,4469.709703681825,52.41729940308465,0,
TXT-00620,FOR APPROVAL,4495.112814206056,52.25938576504864,0,
TXT-00621,01,4469.709703681825,55.40855579268732,0,
TXT-00622,REVISED AS PER CLIENTS COMMENTS,4485.439098755938,56.80434184638131,0,
TXT-00623,02,4469.709703681825,58.49891410296293,0,
TXT-00624,SPL/2024-25/P-47/PID/R5,4518.587325382177,25.81221430027554,0,P-47
TXT-00625,5,4539.860672238579,20.77212156681694,0,
TXT-00626,REVISED AS PER HAZOP REVIEW,4487.228294109296,60.06525350295588,0,
TXT-00627,03,4469.709703681825,61.67391410296293,0,
TXT-00628,INTERLOCK ID MARKED & THY-400 LOOP UPDATED,4479.642997585747,63.27314761309803,0,
TXT-00629,5,5050.479380603529,18.47207394162723,0,
TXT-00630,SPL/2024-25/P-47/PID/R5,5031.540611834854,23.2608009750677,0,P-47
TXT-00631,11/08/2025,930.2984575467942,56.57032515561259,0,
TXT-00632,SM,939.4338589740307,56.52054325340174,0,
TXT-00633,11/08/2025,1442.306179651878,56.73969466244852,0,
TXT-00634,SM,1451.441581079115,56.68991276023766,0,
TXT-00635,11/08/2025,1940.911389987164,56.86671102665208,0,
TXT-00636,SM,1950.046791414401,56.81692912444122,0,
TXT-00637,11/08/2025,2471.156960896255,56.95139578007005,0,
TXT-00638,SM,2480.292362323491,56.90161387785919,0,
TXT-00639,11/08/2025,3062.525435389988,61.56575667416727,0,
TXT-00640,SM,3071.660836817224,61.5159747719564,0,
TXT-00641,11/08/2025,3545.779602932618,61.65044142758524,0,
TXT-00642,SM,3554.915004359855,61.60065952537438,0,
TXT-00643,11/08/2025,4039.303166880894,61.73512618100321,0,
TXT-00644,SM,4048.43856830813,61.68534427879235,0,
TXT-00645,11/08/2025,4528.48668365989,61.81981093442117,0,
TXT-00646,SM,4537.622085087127,61.77002903221031,0,
TXT-00647,4,198.0101365834387,82.62049751956675,0,
TXT-00648,3/8,622.4144711723027,241.4788308087116,0,
TXT-00649,1/4,628.3524946277543,241.3554193042241,0,
TXT-00650,X,626.9640319705853,241.0657552357378,0,
TXT-00651,1/4,648.649084836378,241.3656728904141,0,
TXT-00652,3/8,654.5871082918296,241.2422613859267,0,
TXT-00653,X,653.1986456346607,240.9525973174404,0,
TXT-00654,3/8,712.2932365368376,241.4845001945192,0,
TXT-00655,1/4,718.2312599922892,241.3610886900317,0,
TXT-00656,X,716.8427973351202,241.0714246215455,0,
TXT-00657,1/4,747.8312760140803,241.3347140154446,0,
TXT-00658,3/8,753.769299469532,241.2113025109571,0,
TXT-00659,X,752.380836812363,240.9216384424709,0,
TXT-00660,3/8,623.7362876219256,201.9513457867341,0,
TXT-00661,1/4,629.6743110773771,201.8279342822466,0,
TXT-00662,X,628.2858484202083,201.5382702137603,0,
TXT-00663,3/8,627.1276395836863,124.2093890904949,0,
TXT-00664,1/4,633.065663039138,124.0859775860074,0,
TXT-00665,X,631.6772003819691,123.7963135175211,0,
TXT-00666,3/8,714.7416205292863,124.2929501830054,0,
TXT-00667,1/4,720.6796439847379,124.1695386785179,0,
TXT-00668,X,719.2911813275689,123.8798746100317,0,
TXT-00669,1/4,737.917415747798,123.6793870677601,0,
TXT-00670,3/8,743.8554392032496,123.5559755632726,0,
TXT-00671,X,742.4669765460806,123.2663114947864,0,
TXT-00672,104,760.3245083571634,140.8576066586531,0,
TXT-00673,1/4,747.3055553571782,201.8377062639797,0,
TXT-00674,3/8,753.2435788126298,201.7142947594923,0,
TXT-00675,X,751.8551161554609,201.424630691006,0,
TXT-00676,3/8,689.0812524525759,127.8759684686949,0,
TXT-00677,1/2,689.1487046169005,131.1214724883185,0,
TXT-00678,X,689.3070242843229,130.3625901483032,0,
TXT-00679,3/8,689.167252546049,244.2663870432961,0,
TXT-00680,1/2,689.2347047103738,247.5118910629197,0,
TXT-00681,X,689.3930243777962,246.7530087229044,0,
TXT-00682,3/8,690.7497709556338,205.8251158601897,0,
TXT-00683,1/2,690.8172231199586,209.0706198798133,0,
TXT-00684,X,690.9755427873808,208.3117375397979,0,
TXT-00685,1/4,644.5281671522541,202.0852015968557,0,
TXT-00686,3/8,650.4661906077057,201.9617900923682,0,
TXT-00687,X,649.0777279505367,201.672126023882,0,
TXT-00688,1/4,644.8078206404268,124.3109966483776,0,
TXT-00689,3/8,650.7458440958783,124.1875851438901,0,
TXT-00690,X,649.3573814387095,123.8979210754038,0,
TXT-00691,3/8,674.749203056367,125.473304504705,0,
TXT-00692,X,674.4036062836072,122.6077018390578,0,
TXT-00693,1/4,674.5008651029488,121.4021065326543,0,
TXT-00694,401,856.0755878727874,45.1242911089875,0,
TXT-00695,PY,852.8941658781866,45.19006884884214,0,
TXT-00696,3/8,761.5067361823995,127.5546396479257,0,
TXT-00697,1/4,761.5741883467244,130.8001436675494,0,
TXT-00698,X,761.7325080141467,130.041261327534,0,
TXT-00699,8,1092.471551659322,263.2359318227773,0,
TXT-00700,1/2,1223.53156917384,255.2910546690565,0,
TXT-00701,3/8,1223.495583146357,258.6751160755621,0,
TXT-00702,X,1222.612126072894,255.5619118463439,0,
TXT-00703,1/2,1221.775182812042,104.4459098335715,0,
TXT-00704,1/4,1227.713206267494,104.3224983290841,0,
TXT-00705,X,1226.324743610325,104.0328342605978,0,
TXT-00706,3/8,2883.442055130736,189.0394200345424,0,
TXT-00707,1/4,2889.380078586187,188.9160085300549,0,
TXT-00708,X,2887.991615929018,188.6263444615686,0,
TXT-00709,1/4,2923.352706505319,188.9160085300549,0,
TXT-00710,X,2928.253139562027,188.6263444615686,0,
TXT-00711,3/8,2929.810678804566,189.0394200345424,0,
TXT-00712,1/4,2871.127355230983,186.1190192653858,0,
TXT-00713,3/8,2871.091369203501,189.5030806718914,0,
TXT-00714,X,2870.207912130037,186.3898764426733,0,
TXT-00715,TO R-300 & R-400 THERMOWELL,848.4252471534841,96.63598350277329,0,R-300|R-400
TXT-00716,AS BUILT DRAWING,896.2233007192827,60.80511216630034,0,
TXT-00717,28/11/2025,930.3892519268765,59.65891662058343,0,
TXT-00718,SM,939.3220036100835,59.81642730425728,0,
TXT-00719,04,871.3436208756287,59.83846719600165,0,
TXT-00720,AS BUILT DRAWING,1408.213220091487,60.91535402806234,0,
TXT-00721,28/11/2025,1442.379171299081,59.76915848234543,0,
TXT-00722,SM,1451.311922982288,59.92666916601929,0,
TXT-00723,04,1383.333540247834,59.94870905776366,0,
TXT-00724,AS BUILT DRAWING,1906.837705800311,61.02647415094557,0,
TXT-00725,28/11/2025,1941.003657007905,59.88027860522866,0,
TXT-00726,SM,1949.936408691112,60.03778928890251,0,
TXT-00727,04,1881.958025956658,60.05982918064688,0,
TXT-00728,AS BUILT DRAWING,2437.06686546058,61.23353138581128,0,
TXT-00729,28/11/2025,2471.232816668174,60.08733584009437,0,
TXT-00730,SM,2480.165568351381,60.24484652376822,0,
TXT-00731,04,2412.187185616926,60.2668864155126,0,
TXT-00732,AS BUILT DRAWING,3028.426772041648,65.86321887775026,0,
TXT-00733,28/11/2025,3062.592723249242,64.71702333203334,0,
TXT-00734,SM,3071.52547493245,64.87453401570718,0,
TXT-00735,04,3003.547092197995,64.89657390745157,0,
TXT-00736,AS BUILT DRAWING,3511.662472074051,65.88403883258539,0,
TXT-00737,28/11/2025,3545.828423281645,64.73784328686845,0,
TXT-00738,SM,3554.761174964852,64.89535397054232,0,
TXT-00739,04,3486.782792230397,64.9173938622867,0,
TXT-00740,AS BUILT DRAWING,4005.202315406841,66.03977232436242,0,
TXT-00741,28/11/2025,4039.368266614435,64.8935767786455,0,
TXT-00742,SM,4048.301018297641,65.05108746231934,0,
TXT-00743,04,3980.322635563187,65.07312735406371,0,
TXT-00744,AS BUILT DRAWING,4494.384044254842,66.10757637909514,0,
TXT-00745,28/11/2025,4528.549995462436,64.96138083337823,0,
TXT-00746,SM,4537.482747145644,65.11889151705208,0,
TXT-00747,04,4469.504364411188,65.14093140879646,0,
TXT-00748,1/2,1179.63729954446,63.41035465459106,0,
TXT-00749,1/4,1185.575322999912,63.28694315010358,0,
TXT-00750,X,1184.186860342743,62.99727908161731,0,
TXT-00751,1/4,1201.238666356504,64.08541744992326,0,
TXT-00752,1/2,1207.176689811955,63.96200594543579,0,
TXT-00753,X,1205.788227154787,63.67234187694951,0,
TXT-00754,FORM PRV-105,2099.812831251943,120.9674692465386,0,PRV-105
TXT-00755,FORM PRV-105,1570.557798654554,118.7971291724463,0,PRV-105
TXT-00756,M-401,2216.120223737424,255.2919638390449,0,M-401
TXT-00757,1/4,2198.685751142777,219.2119124710761,0,
TXT-00758,1/2,2198.732895915405,221.4803133534131,0,
TXT-00759,X,2198.843551293154,220.9499028657747,0,
TXT-00760,LG-401,2202.889913303863,214.8725183400391,0,LG-401
TXT-00761,1/2,2871.127355230983,160.390704272505,0,
TXT-00762,1/4,2871.091369203501,163.7747656790106,0,
TXT-00763,X,2870.207912130037,160.6615614497925,0,
TXT-00764,1/4,2871.127355230983,139.7763498037266,0,
TXT-00765,1/2,2871.091369203501,143.1604112102322,0,
TXT-00766,X,2870.207912130037,140.047206981014,0,
TXT-00767,1/4,1300.053534863434,271.9039801739675,0,
TXT-00768,1/2,1299.986875877006,268.696640416046,0,
TXT-00769,X,1299.830417909087,269.4465989697864,0,
TXT-00770,1/4,2211.981478151573,233.3768110378481,0,
TXT-00771,1/2,2211.914819165144,230.1694712799265,0,
TXT-00772,X,2211.758361197224,230.9194298336669,0,
TXT-00773,1/4,1735.596156927027,225.7509628695482,0,
TXT-00774,1/2,1735.529497940598,222.5436231116266,0,
TXT-00775,X,1735.373039972679,223.2935816653671,0,
TXT-00776,1/4,2143.423342616864,224.1227243488868,0,
TXT-00777,1/2,2143.356683630436,220.9153845909652,0,
TXT-00778,X,2143.200225662516,221.6653431447057,0,
TXT-00779,1/4,2824.021636308802,237.943728336409,0,
TXT-00780,1/2,2823.954977322374,234.7363885784873,0,
TXT-00781,X,2823.798519354454,235.4863471322278,0,
TXT-00782,413,2164.745133888863,117.9527961455342,0,
TXT-00783,411,2134.86832887544,118.7827594780562,0,
TXT-00784,VOL:10 ML,2874.323800695697,151.3555834804288,0,
TXT-00785,4,1116.457741396751,93.74683294560522,0,
TXT-00786,4,1116.500755974582,69.22835804733235,0,
TXT-00787,206,1217.297877847765,65.03120679209613,0,
TXT-00788,3/8,2951.865678858318,246.3026513151914,0,
TXT-00789,1/4,2951.696534259979,238.1641508045441,0,
TXT-00790,X,2951.299528221356,240.0671416110236,0,
TXT-00791,408,2130.837883851309,171.0198377397561,0,
TXT-00792,408,2139.484965320815,170.7080678362568,0,
TXT-00793,408,2139.181510192837,179.6595137541904,0,
TXT-00794,408,2130.43670909739,179.2155200076837,0,
TXT-00795,302,1728.105515464393,185.2190183778388,0,
TXT-00796,302,1735.877026770903,184.9388170939006,0,
TXT-00797,302,1735.604298340343,192.9838740771334,0,
TXT-00798,302,1727.744962120821,192.5848374272342,0,
TXT-00799,303,1728.085744137368,171.0290339126317,0,
TXT-00800,303,1735.857255443878,170.7488326286935,0,
TXT-00801,303,1735.584527013319,178.7938896119263,0,
TXT-00802,303,1727.725190793797,178.3948529620271,0,
TXT-00803,304,1728.045696145872,157.0667218938128,0,
TXT-00804,304,1735.817207452381,156.7865206098746,0,
TXT-00805,304,1735.544479021822,164.8315775931074,0,
TXT-00806,304,1727.6851428023,164.4325409432082,0,
TXT-00807,304,1728.088586660417,143.3937249223622,0,
TXT-00808,304,1735.860097966927,143.113523638424,0,
TXT-00809,304,1735.587369536367,151.1585806216568,0,
TXT-00810,304,1727.728033316845,150.7595439717576,0,
TXT-00811,(GAS FEED SECTION),421.4063657517052,5.671906170248985,0,
TXT-00812,SSG,472.5491985077477,35.03461661338806,0,
TXT-00813,NTS,468.5442104096032,8.607722383737563,0,
TXT-00814,SM,472.5491985077477,38.42142539024353,0,
TXT-00815,THERMAX LIMITED,405.6379483933068,19.13474985361099,0,
TXT-00816,SSG,472.5491554440541,35.03463814523485,0,
TXT-00817,SM,472.5491554440541,38.42144692209032,0,
TXT-00818,07/03/2025,463.4137109531239,47.48123185899522,0,
TXT-00819,07/03/2025,464.4115223111196,38.42183752324846,0,
TXT-00820,07/03/2025,464.4115223111196,35.12020705011156,0,
TXT-00821,SM,472.5491123803606,47.48075613975524,0,
TXT-00822,SKID MOUNTED SINGLE TUBE REACTOR UNIT,408.0213143319615,8.02263666987419,0,
TXT-00823,10,467.6879228997063,16.60785827485881,0,
TXT-00824,28/03/2025,463.4137109531239,50.33486619033919,0,
TXT-00825,SM,472.5491123803603,50.28508428812833,0,
TXT-00826,30/04/2025,463.4137540168174,53.39532515561259,0,
TXT-00827,SM,472.5491554440538,53.34554325340173,0,
TXT-00828,00,404.6367740387535,47.21014523506164,0,
TXT-00829,FOR APPROVAL,430.0398845629834,47.05223159702564,0,
TXT-00830,01,404.6367740387535,50.20140162466431,0,
TXT-00831,REVISED AS PER CLIENTS COMMENTS,420.3661691128663,51.59718767835831,0,
TXT-00832,02,404.6367740387535,53.29175993493993,0,
TXT-00833,SPL/2024-25/P-47/PID/R5,453.5143957391047,20.60506013225253,0,P-47
TXT-00834,5,474.7877425955066,15.56496739879393,0,
TXT-00835,REVISED AS PER HAZOP REVIEW,422.1553644662244,54.85809933493288,0,
TXT-00836,03,404.6367740387535,56.46675993493992,0,
TXT-00837,INTERLOCK ID MARKED & THY-400 LOOP UPDATED,414.5700679426745,58.06599344507503,0,
TXT-00838,11/08/2025,463.4137540168174,56.57032515561259,0,
TXT-00839,SM,472.5491554440538,56.52054325340174,0,
TXT-00840,AS BUILT DRAWING,429.3385971893058,60.80511216630034,0,
TXT-00841,28/11/2025,463.5045483968995,59.65891662058343,0,
TXT-00842,SM,472.4373000801067,59.81642730425728,0,
TXT-00843,04,404.4589173456519,59.83846719600165,0,
TXT-00844,1,462.368044638104,16.73125203715106,0,
TXT-00845,PNEUMATICALLY ACTUATED VALVE,4870.583362420111,64.91324789962891,0,
TXT-00846,60.,4860.319637733366,65.2277194572091,0,
TXT-00847,HOT INSULATION,4870.205223465287,51.05869050908586,0,
TXT-00848,61.,4859.941498778542,51.37316206666607,0,
